full,start,position,end,class
D2479A,D,2479,A,2
D2489A,D,2489,A,0
D2492A,D,2492,A,0
D2566A,D,2566,A,2
D2583A,D,2583,A,0
D2592A,D,2592,A,0
D2606A,D,2606,A,0
D2611A,D,2611,A,0
D2661A,D,2661,A,2
D2665A,D,2665,A,0
D2679A,D,2679,A,0
D2680A,D,2680,A,0
D2692A,D,2692,A,0
D2712A,D,2712,A,0
D2723A,D,2723,A,0
D2733A,D,2733,A,1
D2763A,D,2763,A,0
D2797A,D,2797,A,0
D2811A,D,2811,A,0
D2819A,D,2819,A,2
D2900A,D,2900,A,0
D2913A,D,2913,A,0
D2965A,D,2965,A,0
D2983A,D,2983,A,0
D2995A,D,2995,A,0
D3042A,D,3042,A,0
D3062A,D,3062,A,0
D3064A,D,3064,A,0
D3073A,D,3073,A,2
D3095A,D,3095,A,2
D3108A,D,3108,A,0
D3112A,D,3112,A,0
D3142A,D,3142,A,0
D3170A,D,3170,A,2
D3188A,D,3188,A,0
D3197A,D,3197,A,0
E2558A,E,2558,A,0
E2565A,E,2565,A,0
E2571A,E,2571,A,0
E2598A,E,2598,A,0
E2599A,E,2599,A,0
E2635A,E,2635,A,0
E2641A,E,2641,A,0
E2650A,E,2650,A,1
E2663A,E,2663,A,2
E2677A,E,2677,A,0
E2702A,E,2702,A,0
E2720A,E,2720,A,2
E2757A,E,2757,A,0
E2769A,E,2769,A,0
E2772A,E,2772,A,0
E2832A,E,2832,A,2
E2844A,E,2844,A,0
E2846A,E,2846,A,0
E2847A,E,2847,A,2
E2848A,E,2848,A,0
E2850A,E,2850,A,0
E2856A,E,2856,A,0
E2863A,E,2863,A,0
E2871A,E,2871,A,0
E2872A,E,2872,A,0
E2874A,E,2874,A,0
E2875A,E,2875,A,0
E2877A,E,2877,A,0
E2878A,E,2878,A,0
E2903A,E,2903,A,0
E2906A,E,2906,A,0
E2918A,E,2918,A,2
E2923A,E,2923,A,0
E2924A,E,2924,A,2
E2947A,E,2947,A,0
E2953A,E,2953,A,0
E2956A,E,2956,A,0
E2959A,E,2959,A,0
E2981A,E,2981,A,0
E3002A,E,3002,A,0
E3043A,E,3043,A,0
E3053A,E,3053,A,0
E3071A,E,3071,A,1
E3096A,E,3096,A,1
E3111A,E,3111,A,0
E3130A,E,3130,A,0
E3152A,E,3152,A,0
E3157A,E,3157,A,0
E3167A,E,3167,A,0
E3175A,E,3175,A,0
E3177A,E,3177,A,0
G2508A,G,2508,A,0
G2528A,G,2528,A,0
G2529A,G,2529,A,0
G2544A,G,2544,A,0
G2569A,G,2569,A,1
G2576A,G,2576,A,0
G2578A,G,2578,A,0
G2584A,G,2584,A,0
G2585A,G,2585,A,0
G2593A,G,2593,A,0
G2596A,G,2596,A,0
G2609A,G,2609,A,0
G2724A,G,2724,A,0
G2743A,G,2743,A,2
G2748A,G,2748,A,2
G2755A,G,2755,A,0
G2760A,G,2760,A,0
G2793A,G,2793,A,2
G2812A,G,2812,A,0
G2813A,G,2813,A,0
G2816A,G,2816,A,0
G2837A,G,2837,A,0
G2901A,G,2901,A,0
G2919A,G,2919,A,0
G2961A,G,2961,A,0
G3003A,G,3003,A,2
G3076A,G,3076,A,0
G3086A,G,3086,A,0
G3134A,G,3134,A,0
G3141A,G,3141,A,0
G3153A,G,3153,A,0
G3201A,G,3201,A,2
G3210A,G,3210,A,0
G3212A,G,3212,A,2
P2505A,P,2505,A,0
P2507A,P,2507,A,0
P2519A,P,2519,A,0
P2532A,P,2532,A,0
P2589A,P,2589,A,0
P2608A,P,2608,A,0
P2612A,P,2612,A,0
P2639A,P,2639,A,0
P2649A,P,2649,A,0
P2734A,P,2734,A,0
P2735A,P,2735,A,0
P2762A,P,2762,A,0
P2767A,P,2767,A,0
P2771A,P,2771,A,0
P2785A,P,2785,A,0
P2796A,P,2796,A,0
P2798A,P,2798,A,0
P2800A,P,2800,A,0
P2802A,P,2802,A,0
P2804A,P,2804,A,0
P2827A,P,2827,A,0
P2883A,P,2883,A,0
P2886A,P,2886,A,2
P2914A,P,2914,A,0
P2992A,P,2992,A,0
P3039A,P,3039,A,0
P3051A,P,3051,A,0
P3054A,P,3054,A,0
P3063A,P,3063,A,0
P3067A,P,3067,A,0
P3089A,P,3089,A,0
P3116A,P,3116,A,0
P3129A,P,3129,A,0
P3150A,P,3150,A,0
P3189A,P,3189,A,0
P3194A,P,3194,A,2
P3202A,P,3202,A,2
P3209A,P,3209,A,2
S2516A,S,2516,A,1
S2522A,S,2522,A,2
S2533A,S,2533,A,0
S2536A,S,2536,A,0
S2546A,S,2546,A,2
S2616A,S,2616,A,0
S2670A,S,2670,A,0
S2691A,S,2691,A,0
S2695A,S,2695,A,0
S2701A,S,2701,A,0
S2704A,S,2704,A,1
S2761A,S,2761,A,0
S2773A,S,2773,A,0
S2779A,S,2779,A,0
S2806A,S,2806,A,1
S2807A,S,2807,A,0
S2835A,S,2835,A,0
S2836A,S,2836,A,0
S2954A,S,2954,A,0
S2963A,S,2963,A,2
S2978A,S,2978,A,0
S2984A,S,2984,A,0
S2993A,S,2993,A,0
S2994A,S,2994,A,0
S2998A,S,2998,A,2
S3041A,S,3041,A,0
S3068A,S,3068,A,0
S3070A,S,3070,A,0
S3094A,S,3094,A,0
S3131A,S,3131,A,0
S3133A,S,3133,A,0
S3144A,S,3144,A,0
S3147A,S,3147,A,0
S3192A,S,3192,A,0
S3200A,S,3200,A,0
T2482A,T,2482,A,0
T2515A,T,2515,A,0
T2517A,T,2517,A,0
T2542A,T,2542,A,0
T2564A,T,2564,A,0
T2575A,T,2575,A,0
T2607A,T,2607,A,0
T2662A,T,2662,A,0
T2681A,T,2681,A,0
T2685A,T,2685,A,0
T2703A,T,2703,A,0
T2708A,T,2708,A,0
T2713A,T,2713,A,0
T2722A,T,2722,A,2
T2746A,T,2746,A,0
T2766A,T,2766,A,0
T2783A,T,2783,A,0
T2790A,T,2790,A,0
T2834A,T,2834,A,0
T2880A,T,2880,A,0
T2881A,T,2881,A,0
T2891A,T,2891,A,0
T2967A,T,2967,A,0
T2968A,T,2968,A,0
T3001A,T,3001,A,0
T3030A,T,3030,A,0
T3033A,T,3033,A,0
T3085A,T,3085,A,0
T3137A,T,3137,A,0
T3158A,T,3158,A,0
T3165A,T,3165,A,0
T3193A,T,3193,A,2
T3195A,T,3195,A,0
T3199A,T,3199,A,2
T3204A,T,3204,A,0
T3211A,T,3211,A,2
V2503A,V,2503,A,0
V2527A,V,2527,A,0
V2531A,V,2531,A,0
V2545A,V,2545,A,0
V2610A,V,2610,A,0
V2620A,V,2620,A,0
V2652A,V,2652,A,0
V2687A,V,2687,A,0
V2690A,V,2690,A,2
V2716A,V,2716,A,0
V2728A,V,2728,A,0
V2739A,V,2739,A,0
V2747A,V,2747,A,0
V2759A,V,2759,A,0
V2815A,V,2815,A,0
V2818A,V,2818,A,0
V2820A,V,2820,A,0
V2855A,V,2855,A,0
V2895A,V,2895,A,0
V2908A,V,2908,A,0
V2966A,V,2966,A,1
V2969A,V,2969,A,0
V2975A,V,2975,A,0
V2985A,V,2985,A,0
V3040A,V,3040,A,0
V3072A,V,3072,A,0
V3078A,V,3078,A,1
V3079A,V,3079,A,2
V3081A,V,3081,A,0
V3091A,V,3091,A,0
V3145A,V,3145,A,0
V3166A,V,3166,A,0
F2504C,F,2504,C,0
F2562C,F,2562,C,2
F2568C,F,2568,C,2
F2600C,F,2600,C,2
F2638C,F,2638,C,0
F2642C,F,2642,C,0
F2794C,F,2794,C,0
F2795C,F,2795,C,0
F2809C,F,2809,C,0
F2841C,F,2841,C,0
F2873C,F,2873,C,0
F2921C,F,2921,C,2
F3046C,F,3046,C,0
F3057C,F,3057,C,2
F3060C,F,3060,C,0
F3065C,F,3065,C,0
F3077C,F,3077,C,0
F3090C,F,3090,C,0
F3105C,F,3105,C,0
F3139C,F,3139,C,1
F3143C,F,3143,C,0
F3146C,F,3146,C,0
F3159C,F,3159,C,1
G2508C,G,2508,C,0
G2529C,G,2529,C,0
G2544C,G,2544,C,0
G2569C,G,2569,C,0
G2584C,G,2584,C,0
G2609C,G,2609,C,0
G2743C,G,2743,C,0
G2748C,G,2748,C,2
G2760C,G,2760,C,0
G2816C,G,2816,C,0
G2901C,G,2901,C,0
G2919C,G,2919,C,2
G2961C,G,2961,C,0
G3086C,G,3086,C,2
G3134C,G,3134,C,0
G3153C,G,3153,C,0
G3210C,G,3210,C,0
R2502C,R,2502,C,0
R2787C,R,2787,C,0
R2842C,R,2842,C,2
R2888C,R,2888,C,0
R2896C,R,2896,C,0
R2973C,R,2973,C,0
R2991C,R,2991,C,1
R3052C,R,3052,C,2
S2483C,S,2483,C,0
S2509C,S,2509,C,0
S2522C,S,2522,C,0
S2533C,S,2533,C,0
S2536C,S,2536,C,0
S2546C,S,2546,C,0
S2554C,S,2554,C,2
S2559C,S,2559,C,0
S2572C,S,2572,C,0
S2590C,S,2590,C,0
S2616C,S,2616,C,0
S2667C,S,2667,C,0
S2670C,S,2670,C,0
S2691C,S,2691,C,0
S2697C,S,2697,C,0
S2701C,S,2701,C,0
S2704C,S,2704,C,0
S2705C,S,2705,C,1
S2709C,S,2709,C,0
S2710C,S,2710,C,0
S2761C,S,2761,C,0
S2773C,S,2773,C,0
S2779C,S,2779,C,2
S2782C,S,2782,C,0
S2810C,S,2810,C,0
S2836C,S,2836,C,0
S2922C,S,2922,C,0
S2954C,S,2954,C,1
S2976C,S,2976,C,0
S2988C,S,2988,C,0
S2998C,S,2998,C,0
S3058C,S,3058,C,0
S3068C,S,3068,C,0
S3070C,S,3070,C,0
S3080C,S,3080,C,0
S3123C,S,3123,C,0
S3131C,S,3131,C,0
S3147C,S,3147,C,0
S3149C,S,3149,C,0
W3106C,W,3106,C,0
Y2511C,Y,2511,C,2
Y2541C,Y,2541,C,0
Y2543C,Y,2543,C,0
Y2567C,Y,2567,C,0
Y2601C,Y,2601,C,2
Y2621C,Y,2621,C,0
Y2624C,Y,2624,C,2
Y2658C,Y,2658,C,0
Y2660C,Y,2660,C,2
Y2726C,Y,2726,C,2
Y2789C,Y,2789,C,0
Y2826C,Y,2826,C,2
Y2839C,Y,2839,C,0
Y2854C,Y,2854,C,0
Y2884C,Y,2884,C,0
Y2905C,Y,2905,C,1
Y2916C,Y,2916,C,0
Y2920C,Y,2920,C,0
Y2977C,Y,2977,C,0
Y2997C,Y,2997,C,2
Y3006C,Y,3006,C,0
Y3009C,Y,3009,C,0
Y3035C,Y,3035,C,0
Y3049C,Y,3049,C,1
Y3092C,Y,3092,C,0
Y3098C,Y,3098,C,0
Y3203C,Y,3203,C,0
A2487D,A,2487,D,0
A2582D,A,2582,D,0
A2595D,A,2595,D,2
A2603D,A,2603,D,2
A2633D,A,2633,D,2
A2643D,A,2643,D,0
A2671D,A,2671,D,2
A2682D,A,2682,D,0
A2717D,A,2717,D,2
A2727D,A,2727,D,0
A2730D,A,2730,D,2
A2738D,A,2738,D,0
A2770D,A,2770,D,0
A2780D,A,2780,D,2
A2786D,A,2786,D,2
A2864D,A,2864,D,0
A2897D,A,2897,D,0
A2915D,A,2915,D,0
A2928D,A,2928,D,0
A2942D,A,2942,D,0
A2951D,A,2951,D,0
A2955D,A,2955,D,0
A3088D,A,3088,D,0
A3121D,A,3121,D,2
A3140D,A,3140,D,2
A3148D,A,3148,D,0
A3205D,A,3205,D,2
G2508D,G,2508,D,2
G2529D,G,2529,D,0
G2584D,G,2584,D,0
G2609D,G,2609,D,2
G2743D,G,2743,D,0
G2748D,G,2748,D,1
G2760D,G,2760,D,1
G2816D,G,2816,D,0
G2901D,G,2901,D,0
G2919D,G,2919,D,0
G2961D,G,2961,D,0
G3134D,G,3134,D,0
G3153D,G,3153,D,0
G3210D,G,3210,D,0
H2537D,H,2537,D,0
H2623D,H,2623,D,2
H2754D,H,2754,D,0
H2876D,H,2876,D,0
H2932D,H,2932,D,0
H3010D,H,3010,D,0
H3117D,H,3117,D,0
H3182D,H,3182,D,2
H3185D,H,3185,D,2
N2486D,N,2486,D,0
N2553D,N,2553,D,1
N2556D,N,2556,D,0
N2591D,N,2591,D,0
N2622D,N,2622,D,2
N2644D,N,2644,D,0
N2699D,N,2699,D,0
N2706D,N,2706,D,1
N2742D,N,2742,D,0
N2781D,N,2781,D,1
N2814D,N,2814,D,0
N2843D,N,2843,D,0
N2879D,N,2879,D,0
N2910D,N,2910,D,0
N2930D,N,2930,D,0
N2931D,N,2931,D,0
N2937D,N,2937,D,0
N3099D,N,3099,D,0
N3110D,N,3110,D,0
N3124D,N,3124,D,1
N3160D,N,3160,D,0
N3164D,N,3164,D,0
N3168D,N,3168,D,0
N3174D,N,3174,D,0
N3178D,N,3178,D,0
N3187D,N,3187,D,0
N3213D,N,3213,D,0
V2503D,V,2503,D,0
V2531D,V,2531,D,0
V2545D,V,2545,D,0
V2620D,V,2620,D,2
V2687D,V,2687,D,2
V2690D,V,2690,D,2
V2716D,V,2716,D,0
V2728D,V,2728,D,2
V2739D,V,2739,D,0
V2747D,V,2747,D,2
V2815D,V,2815,D,0
V2818D,V,2818,D,2
V2895D,V,2895,D,0
V2966D,V,2966,D,0
V2985D,V,2985,D,0
V3040D,V,3040,D,0
V3078D,V,3078,D,2
V3079D,V,3079,D,2
V3081D,V,3081,D,2
V3091D,V,3091,D,2
V3166D,V,3166,D,0
Y2511D,Y,2511,D,0
Y2541D,Y,2541,D,0
Y2543D,Y,2543,D,0
Y2567D,Y,2567,D,2
Y2601D,Y,2601,D,2
Y2621D,Y,2621,D,0
Y2624D,Y,2624,D,2
Y2658D,Y,2658,D,0
Y2660D,Y,2660,D,2
Y2726D,Y,2726,D,2
Y2789D,Y,2789,D,0
Y2826D,Y,2826,D,2
Y2839D,Y,2839,D,0
Y2854D,Y,2854,D,0
Y2884D,Y,2884,D,0
Y2905D,Y,2905,D,2
Y2916D,Y,2916,D,0
Y2920D,Y,2920,D,0
Y2977D,Y,2977,D,0
Y2997D,Y,2997,D,0
Y3006D,Y,3006,D,2
Y3009D,Y,3009,D,2
Y3035D,Y,3035,D,2
Y3049D,Y,3049,D,2
Y3092D,Y,3092,D,2
Y3098D,Y,3098,D,0
Y3203D,Y,3203,D,0
A2513E,A,2513,E,0
A2525E,A,2525,E,0
A2526E,A,2526,E,2
A2534E,A,2534,E,0
A2557E,A,2557,E,2
A2632E,A,2632,E,2
A2637E,A,2637,E,0
A2683E,A,2683,E,0
A2698E,A,2698,E,0
A2711E,A,2711,E,0
A2756E,A,2756,E,2
A2764E,A,2764,E,0
A2825E,A,2825,E,0
A2851E,A,2851,E,0
A2852E,A,2852,E,0
A2857E,A,2857,E,1
A2889E,A,2889,E,2
A2902E,A,2902,E,0
A2907E,A,2907,E,0
A2911E,A,2911,E,0
A2912E,A,2912,E,0
A3028E,A,3028,E,0
A3029E,A,3029,E,0
A3102E,A,3102,E,0
A3122E,A,3122,E,2
A3176E,A,3176,E,2
A3186E,A,3186,E,0
D2566E,D,2566,E,0
D3170E,D,3170,E,0
D3197E,D,3197,E,0
G2528E,G,2528,E,0
G2576E,G,2576,E,0
G2578E,G,2578,E,0
G2585E,G,2585,E,1
G2593E,G,2593,E,2
G2596E,G,2596,E,2
G2724E,G,2724,E,2
G2755E,G,2755,E,0
G2793E,G,2793,E,2
G2812E,G,2812,E,0
G2813E,G,2813,E,0
G2837E,G,2837,E,2
G3003E,G,3003,E,0
G3076E,G,3076,E,2
G3086E,G,3086,E,0
G3141E,G,3141,E,0
G3201E,G,3201,E,0
G3212E,G,3212,E,0
K2496E,K,2496,E,0
K2497E,K,2497,E,0
K2498E,K,2498,E,0
K2514E,K,2514,E,0
K2524E,K,2524,E,0
K2538E,K,2538,E,1
K2547E,K,2547,E,0
K2551E,K,2551,E,2
K2555E,K,2555,E,2
K2570E,K,2570,E,0
K2577E,K,2577,E,0
K2594E,K,2594,E,1
K2597E,K,2597,E,2
K2613E,K,2613,E,0
K2630E,K,2630,E,2
K2640E,K,2640,E,0
K2657E,K,2657,E,2
K2673E,K,2673,E,0
K2674E,K,2674,E,0
K2684E,K,2684,E,0
K2707E,K,2707,E,1
K2715E,K,2715,E,0
K2729E,K,2729,E,2
K2741E,K,2741,E,0
K2750E,K,2750,E,2
K2777E,K,2777,E,2
K2791E,K,2791,E,0
K2833E,K,2833,E,0
K2849E,K,2849,E,0
K2853E,K,2853,E,0
K2860E,K,2860,E,0
K2868E,K,2868,E,0
K2882E,K,2882,E,0
K2909E,K,2909,E,0
K2939E,K,2939,E,0
K2940E,K,2940,E,0
K2950E,K,2950,E,2
K2958E,K,2958,E,0
K2971E,K,2971,E,0
K2979E,K,2979,E,0
K2980E,K,2980,E,0
K2982E,K,2982,E,0
K3004E,K,3004,E,0
K3031E,K,3031,E,0
K3032E,K,3032,E,0
K3059E,K,3059,E,0
K3083E,K,3083,E,2
K3084E,K,3084,E,1
K3104E,K,3104,E,0
K3115E,K,3115,E,0
K3132E,K,3132,E,0
K3151E,K,3151,E,0
K3161E,K,3161,E,0
K3163E,K,3163,E,0
K3179E,K,3179,E,0
K3190E,K,3190,E,0
K3196E,K,3196,E,2
K3214E,K,3214,E,0
Q2491E,Q,2491,E,0
Q2499E,Q,2499,E,0
Q2501E,Q,2501,E,0
Q2506E,Q,2506,E,0
Q2539E,Q,2539,E,0
Q2561E,Q,2561,E,0
Q2580E,Q,2580,E,0
Q2655E,Q,2655,E,2
Q2714E,Q,2714,E,0
Q2731E,Q,2731,E,0
Q2749E,Q,2749,E,0
Q2823E,Q,2823,E,0
Q2829E,Q,2829,E,0
Q2858E,Q,2858,E,2
Q2859E,Q,2859,E,0
Q2870E,Q,2870,E,0
Q2899E,Q,2899,E,0
Q2925E,Q,2925,E,2
Q2934E,Q,2934,E,0
Q2943E,Q,2943,E,0
Q2945E,Q,2945,E,0
Q2957E,Q,2957,E,0
Q2960E,Q,2960,E,0
Q3034E,Q,3034,E,0
Q3036E,Q,3036,E,0
Q3037E,Q,3037,E,0
Q3047E,Q,3047,E,0
Q3050E,Q,3050,E,0
Q3066E,Q,3066,E,0
Q3126E,Q,3126,E,0
Q3156E,Q,3156,E,1
Q3206E,Q,3206,E,0
V2527E,V,2527,E,0
V2610E,V,2610,E,2
V2652E,V,2652,E,0
V2759E,V,2759,E,0
V2820E,V,2820,E,2
V2855E,V,2855,E,0
V2908E,V,2908,E,0
V2969E,V,2969,E,1
V2975E,V,2975,E,0
V3072E,V,3072,E,2
V3082E,V,3082,E,0
V3145E,V,3145,E,0
C2535F,C,2535,F,0
C2549F,C,2549,F,0
C2605F,C,2605,F,1
C2636F,C,2636,F,0
C2646F,C,2646,F,0
C2689F,C,2689,F,0
C2765F,C,2765,F,0
C2817F,C,2817,F,0
C3069F,C,3069,F,0
C3097F,C,3097,F,0
C3173F,C,3173,F,0
C3198F,C,3198,F,0
I2495F,I,2495,F,0
I2521F,I,2521,F,2
I2552F,I,2552,F,1
I2615F,I,2615,F,0
I2618F,I,2618,F,0
I2627F,I,2627,F,2
I2664F,I,2664,F,0
I2694F,I,2694,F,0
I2718F,I,2718,F,0
I2719F,I,2719,F,2
I2751F,I,2751,F,0
I2752F,I,2752,F,0
I2778F,I,2778,F,0
I2821F,I,2821,F,0
I2822F,I,2822,F,0
I2869F,I,2869,F,0
I2944F,I,2944,F,0
I2948F,I,2948,F,0
I2974F,I,2974,F,0
I2989F,I,2989,F,2
I3008F,I,3008,F,0
I3044F,I,3044,F,0
I3048F,I,3048,F,0
I3113F,I,3113,F,0
I3114F,I,3114,F,0
I3120F,I,3120,F,0
I3169F,I,3169,F,0
I3207F,I,3207,F,0
I3208F,I,3208,F,0
L2484F,L,2484,F,2
L2512F,L,2512,F,2
L2587F,L,2587,F,0
L2614F,L,2614,F,0
L2653F,L,2653,F,0
L2654F,L,2654,F,0
L2686F,L,2686,F,0
L2688F,L,2688,F,0
L2721F,L,2721,F,0
L2736F,L,2736,F,2
L2753F,L,2753,F,0
L2768F,L,2768,F,0
L2774F,L,2774,F,0
L2792F,L,2792,F,2
L2808F,L,2808,F,0
L2865F,L,2865,F,0
L2904F,L,2904,F,0
L2917F,L,2917,F,0
L2936F,L,2936,F,1
L3011F,L,3011,F,0
L3055F,L,3055,F,2
L3087F,L,3087,F,0
L3109F,L,3109,F,0
L3125F,L,3125,F,2
L3135F,L,3135,F,0
L3136F,L,3136,F,0
L3172F,L,3172,F,0
L3180F,L,3180,F,0
S2522F,S,2522,F,0
S2533F,S,2533,F,0
S2536F,S,2536,F,0
S2546F,S,2546,F,0
S2559F,S,2559,F,1
S2590F,S,2590,F,1
S2616F,S,2616,F,2
S2670F,S,2670,F,2
S2691F,S,2691,F,2
S2701F,S,2701,F,0
S2704F,S,2704,F,1
S2761F,S,2761,F,0
S2773F,S,2773,F,0
S2779F,S,2779,F,2
S2836F,S,2836,F,0
S2954F,S,2954,F,1
S2998F,S,2998,F,0
S3068F,S,3068,F,0
S3070F,S,3070,F,0
S3080F,S,3080,F,2
S3131F,S,3131,F,0
S3147F,S,3147,F,0
V2503F,V,2503,F,0
V2531F,V,2531,F,0
V2545F,V,2545,F,0
V2620F,V,2620,F,0
V2687F,V,2687,F,2
V2690F,V,2690,F,0
V2716F,V,2716,F,0
V2728F,V,2728,F,0
V2739F,V,2739,F,0
V2747F,V,2747,F,0
V2815F,V,2815,F,2
V2818F,V,2818,F,2
V2895F,V,2895,F,0
V2966F,V,2966,F,1
V2985F,V,2985,F,2
V3040F,V,3040,F,2
V3078F,V,3078,F,1
V3081F,V,3081,F,2
V3091F,V,3091,F,2
V3166F,V,3166,F,0
Y2511F,Y,2511,F,0
Y2541F,Y,2541,F,2
Y2543F,Y,2543,F,0
Y2567F,Y,2567,F,0
Y2601F,Y,2601,F,0
Y2621F,Y,2621,F,0
Y2624F,Y,2624,F,0
Y2658F,Y,2658,F,0
Y2660F,Y,2660,F,0
Y2726F,Y,2726,F,0
Y2789F,Y,2789,F,0
Y2826F,Y,2826,F,0
Y2839F,Y,2839,F,0
Y2854F,Y,2854,F,0
Y2884F,Y,2884,F,0
Y2916F,Y,2916,F,0
Y2920F,Y,2920,F,1
Y2977F,Y,2977,F,0
Y3009F,Y,3009,F,2
Y3035F,Y,3035,F,0
Y3049F,Y,3049,F,0
Y3092F,Y,3092,F,0
Y3098F,Y,3098,F,0
Y3203F,Y,3203,F,0
A2513G,A,2513,G,0
A2525G,A,2525,G,0
A2526G,A,2526,G,0
A2534G,A,2534,G,0
A2557G,A,2557,G,2
A2582G,A,2582,G,0
A2595G,A,2595,G,2
A2603G,A,2603,G,1
A2632G,A,2632,G,0
A2633G,A,2633,G,0
A2637G,A,2637,G,0
A2643G,A,2643,G,0
A2671G,A,2671,G,2
A2682G,A,2682,G,0
A2683G,A,2683,G,0
A2698G,A,2698,G,0
A2711G,A,2711,G,0
A2727G,A,2727,G,0
A2730G,A,2730,G,0
A2756G,A,2756,G,0
A2764G,A,2764,G,0
A2770G,A,2770,G,0
A2780G,A,2780,G,1
A2786G,A,2786,G,0
A2825G,A,2825,G,0
A2851G,A,2851,G,1
A2852G,A,2852,G,0
A2857G,A,2857,G,2
A2897G,A,2897,G,2
A2902G,A,2902,G,0
A2907G,A,2907,G,1
A2911G,A,2911,G,0
A2912G,A,2912,G,0
A2915G,A,2915,G,0
A2928G,A,2928,G,0
A2942G,A,2942,G,2
A2951G,A,2951,G,2
A2955G,A,2955,G,1
A3028G,A,3028,G,2
A3029G,A,3029,G,0
A3088G,A,3088,G,0
A3102G,A,3102,G,0
A3121G,A,3121,G,0
A3122G,A,3122,G,0
A3140G,A,3140,G,2
A3148G,A,3148,G,0
A3176G,A,3176,G,0
A3186G,A,3186,G,0
A3205G,A,3205,G,2
C2535G,C,2535,G,0
C2549G,C,2549,G,0
C2605G,C,2605,G,2
C2636G,C,2636,G,0
C2646G,C,2646,G,0
C2689G,C,2689,G,0
C2765G,C,2765,G,0
C2817G,C,2817,G,0
C3069G,C,3069,G,0
C3097G,C,3097,G,0
C3173G,C,3173,G,2
C3198G,C,3198,G,0
D2479G,D,2479,G,2
D2489G,D,2489,G,0
D2492G,D,2492,G,2
D2566G,D,2566,G,0
D2583G,D,2583,G,0
D2592G,D,2592,G,0
D2606G,D,2606,G,0
D2611G,D,2611,G,2
D2661G,D,2661,G,0
D2665G,D,2665,G,0
D2679G,D,2679,G,0
D2680G,D,2680,G,0
D2692G,D,2692,G,0
D2712G,D,2712,G,0
D2723G,D,2723,G,0
D2733G,D,2733,G,2
D2763G,D,2763,G,0
D2797G,D,2797,G,0
D2811G,D,2811,G,0
D2819G,D,2819,G,2
D2900G,D,2900,G,0
D2913G,D,2913,G,0
D2938G,D,2938,G,1
D2965G,D,2965,G,2
D2983G,D,2983,G,0
D2995G,D,2995,G,0
D3042G,D,3042,G,0
D3062G,D,3062,G,0
D3064G,D,3064,G,0
D3073G,D,3073,G,2
D3095G,D,3095,G,0
D3108G,D,3108,G,0
D3112G,D,3112,G,0
D3142G,D,3142,G,0
D3170G,D,3170,G,0
D3188G,D,3188,G,0
D3197G,D,3197,G,0
E2558G,E,2558,G,0
E2565G,E,2565,G,2
E2571G,E,2571,G,2
E2598G,E,2598,G,0
E2599G,E,2599,G,2
E2635G,E,2635,G,2
E2641G,E,2641,G,0
E2650G,E,2650,G,0
E2663G,E,2663,G,2
E2677G,E,2677,G,0
E2702G,E,2702,G,0
E2720G,E,2720,G,2
E2757G,E,2757,G,0
E2769G,E,2769,G,0
E2772G,E,2772,G,0
E2832G,E,2832,G,0
E2844G,E,2844,G,0
E2846G,E,2846,G,0
E2847G,E,2847,G,0
E2848G,E,2848,G,1
E2850G,E,2850,G,1
E2856G,E,2856,G,0
E2863G,E,2863,G,2
E2871G,E,2871,G,0
E2872G,E,2872,G,0
E2874G,E,2874,G,1
E2875G,E,2875,G,0
E2877G,E,2877,G,0
E2878G,E,2878,G,0
E2903G,E,2903,G,0
E2918G,E,2918,G,2
E2923G,E,2923,G,0
E2924G,E,2924,G,0
E2947G,E,2947,G,0
E2953G,E,2953,G,1
E2956G,E,2956,G,0
E2959G,E,2959,G,2
E2981G,E,2981,G,0
E3002G,E,3002,G,0
E3043G,E,3043,G,0
E3053G,E,3053,G,0
E3071G,E,3071,G,0
E3096G,E,3096,G,0
E3111G,E,3111,G,0
E3130G,E,3130,G,2
E3152G,E,3152,G,0
E3157G,E,3157,G,0
E3167G,E,3167,G,0
E3175G,E,3175,G,0
E3177G,E,3177,G,0
R2488G,R,2488,G,0
R2494G,R,2494,G,0
R2500G,R,2500,G,0
R2502G,R,2502,G,0
R2520G,R,2520,G,2
R2602G,R,2602,G,1
R2617G,R,2617,G,0
R2625G,R,2625,G,2
R2645G,R,2645,G,0
R2651G,R,2651,G,2
R2659G,R,2659,G,0
R2666G,R,2666,G,0
R2668G,R,2668,G,1
R2669G,R,2669,G,0
R2678G,R,2678,G,0
R2744G,R,2744,G,0
R2784G,R,2784,G,2
R2787G,R,2787,G,0
R2799G,R,2799,G,0
R2824G,R,2824,G,2
R2842G,R,2842,G,2
R2845G,R,2845,G,0
R2861G,R,2861,G,2
R2892G,R,2892,G,0
R2896G,R,2896,G,0
R2927G,R,2927,G,0
R2933G,R,2933,G,0
R2949G,R,2949,G,0
R2964G,R,2964,G,2
R2973G,R,2973,G,0
R2991G,R,2991,G,0
R3005G,R,3005,G,0
R3007G,R,3007,G,2
R3052G,R,3052,G,2
R3128G,R,3128,G,0
S2483G,S,2483,G,2
S2509G,S,2509,G,0
S2554G,S,2554,G,0
S2572G,S,2572,G,0
S2648G,S,2648,G,2
S2667G,S,2667,G,0
S2697G,S,2697,G,0
S2705G,S,2705,G,0
S2709G,S,2709,G,0
S2710G,S,2710,G,0
S2782G,S,2782,G,0
S2810G,S,2810,G,0
S2922G,S,2922,G,0
S2976G,S,2976,G,0
S2988G,S,2988,G,0
S3058G,S,3058,G,0
S3123G,S,3123,G,0
S3149G,S,3149,G,0
V2503G,V,2503,G,0
V2527G,V,2527,G,2
V2531G,V,2531,G,1
V2545G,V,2545,G,2
V2610G,V,2610,G,2
V2620G,V,2620,G,0
V2652G,V,2652,G,2
V2687G,V,2687,G,2
V2690G,V,2690,G,2
V2716G,V,2716,G,0
V2728G,V,2728,G,2
V2739G,V,2739,G,0
V2747G,V,2747,G,0
V2759G,V,2759,G,0
V2815G,V,2815,G,0
V2818G,V,2818,G,1
V2820G,V,2820,G,0
V2855G,V,2855,G,1
V2895G,V,2895,G,0
V2908G,V,2908,G,0
V2966G,V,2966,G,1
V2969G,V,2969,G,0
V2975G,V,2975,G,0
V2985G,V,2985,G,0
V3040G,V,3040,G,0
V3078G,V,3078,G,0
V3079G,V,3079,G,0
V3081G,V,3081,G,2
V3082G,V,3082,G,1
V3091G,V,3091,G,2
V3145G,V,3145,G,0
V3166G,V,3166,G,0
W2574G,W,2574,G,1
W2586G,W,2586,G,0
W2619G,W,2619,G,2
W2626G,W,2626,G,2
W2629G,W,2629,G,2
W2725G,W,2725,G,2
W2788G,W,2788,G,2
W2830G,W,2830,G,0
W2970G,W,2970,G,0
W2990G,W,2990,G,0
W3127G,W,3127,G,1
W3191G,W,3191,G,0
D2489H,D,2489,H,0
D2492H,D,2492,H,0
D2566H,D,2566,H,0
D2583H,D,2583,H,2
D2592H,D,2592,H,0
D2606H,D,2606,H,0
D2611H,D,2611,H,0
D2661H,D,2661,H,0
D2665H,D,2665,H,0
D2679H,D,2679,H,0
D2680H,D,2680,H,0
D2692H,D,2692,H,0
D2712H,D,2712,H,0
D2723H,D,2723,H,2
D2733H,D,2733,H,1
D2763H,D,2763,H,0
D2797H,D,2797,H,0
D2811H,D,2811,H,0
D2900H,D,2900,H,0
D2913H,D,2913,H,0
D2938H,D,2938,H,0
D2965H,D,2965,H,0
D2983H,D,2983,H,0
D2995H,D,2995,H,2
D3042H,D,3042,H,0
D3062H,D,3062,H,0
D3064H,D,3064,H,0
D3073H,D,3073,H,2
D3095H,D,3095,H,2
D3108H,D,3108,H,0
D3142H,D,3142,H,0
D3170H,D,3170,H,0
D3188H,D,3188,H,0
D3197H,D,3197,H,0
L2512H,L,2512,H,0
L2587H,L,2587,H,2
L2614H,L,2614,H,0
L2653H,L,2653,H,0
L2654H,L,2654,H,0
L2686H,L,2686,H,2
L2688H,L,2688,H,2
L2721H,L,2721,H,2
L2736H,L,2736,H,2
L2753H,L,2753,H,1
L2768H,L,2768,H,0
L2774H,L,2774,H,0
L2792H,L,2792,H,2
L2808H,L,2808,H,0
L2904H,L,2904,H,0
L2917H,L,2917,H,0
L3011H,L,3011,H,2
L3055H,L,3055,H,1
L3087H,L,3087,H,0
L3109H,L,3109,H,0
L3125H,L,3125,H,2
L3135H,L,3135,H,0
L3136H,L,3136,H,0
L3172H,L,3172,H,0
L3180H,L,3180,H,1
L3215H,L,3215,H,0
N2486H,N,2486,H,0
N2553H,N,2553,H,0
N2556H,N,2556,H,0
N2591H,N,2591,H,1
N2622H,N,2622,H,0
N2644H,N,2644,H,0
N2699H,N,2699,H,0
N2706H,N,2706,H,0
N2742H,N,2742,H,0
N2781H,N,2781,H,0
N2814H,N,2814,H,0
N2843H,N,2843,H,0
N2879H,N,2879,H,0
N2910H,N,2910,H,0
N2930H,N,2930,H,0
N2931H,N,2931,H,0
N2937H,N,2937,H,0
N3099H,N,3099,H,0
N3110H,N,3110,H,0
N3124H,N,3124,H,0
N3160H,N,3160,H,0
N3164H,N,3164,H,0
N3168H,N,3168,H,0
N3174H,N,3174,H,0
N3178H,N,3178,H,2
N3187H,N,3187,H,0
N3213H,N,3213,H,0
P2519H,P,2519,H,0
P2589H,P,2589,H,1
P2639H,P,2639,H,0
P2734H,P,2734,H,0
P2735H,P,2735,H,0
P2762H,P,2762,H,0
P2767H,P,2767,H,0
P2785H,P,2785,H,0
P2796H,P,2796,H,0
P2798H,P,2798,H,0
P2800H,P,2800,H,2
P2802H,P,2802,H,0
P2804H,P,2804,H,0
P2827H,P,2827,H,0
P3054H,P,3054,H,0
P3089H,P,3089,H,0
P3116H,P,3116,H,0
P3189H,P,3189,H,0
P3209H,P,3209,H,0
Q2485H,Q,2485,H,0
Q3206H,Q,3206,H,0
R2502H,R,2502,H,0
R2787H,R,2787,H,0
R2842H,R,2842,H,0
R2888H,R,2888,H,0
R2896H,R,2896,H,0
R2973H,R,2973,H,0
R2991H,R,2991,H,0
R3052H,R,3052,H,2
Y2511H,Y,2511,H,2
Y2541H,Y,2541,H,0
Y2543H,Y,2543,H,0
Y2567H,Y,2567,H,0
Y2601H,Y,2601,H,1
Y2621H,Y,2621,H,0
Y2624H,Y,2624,H,2
Y2658H,Y,2658,H,0
Y2660H,Y,2660,H,2
Y2726H,Y,2726,H,0
Y2789H,Y,2789,H,0
Y2826H,Y,2826,H,0
Y2839H,Y,2839,H,0
Y2854H,Y,2854,H,0
Y2884H,Y,2884,H,0
Y2905H,Y,2905,H,0
Y2916H,Y,2916,H,0
Y2920H,Y,2920,H,0
Y2977H,Y,2977,H,0
Y2997H,Y,2997,H,0
Y3006H,Y,3006,H,2
Y3009H,Y,3009,H,2
Y3035H,Y,3035,H,1
Y3049H,Y,3049,H,0
Y3092H,Y,3092,H,1
Y3098H,Y,3098,H,0
Y3203H,Y,3203,H,0
F2504I,F,2504,I,0
F2562I,F,2562,I,2
F2568I,F,2568,I,0
F2600I,F,2600,I,0
F2638I,F,2638,I,1
F2642I,F,2642,I,2
F2794I,F,2794,I,0
F2795I,F,2795,I,0
F2801I,F,2801,I,0
F2809I,F,2809,I,0
F2841I,F,2841,I,0
F2873I,F,2873,I,0
F2921I,F,2921,I,0
F3046I,F,3046,I,0
F3057I,F,3057,I,0
F3060I,F,3060,I,0
F3065I,F,3065,I,0
F3077I,F,3077,I,0
F3090I,F,3090,I,0
F3139I,F,3139,I,0
F3143I,F,3143,I,0
F3146I,F,3146,I,0
F3155I,F,3155,I,1
F3159I,F,3159,I,0
K2498I,K,2498,I,0
K2514I,K,2514,I,0
K2524I,K,2524,I,2
K2538I,K,2538,I,0
K2547I,K,2547,I,0
K2551I,K,2551,I,1
K2555I,K,2555,I,1
K2577I,K,2577,I,0
K2597I,K,2597,I,2
K2630I,K,2630,I,2
K2657I,K,2657,I,2
K2673I,K,2673,I,0
K2684I,K,2684,I,0
K2707I,K,2707,I,0
K2715I,K,2715,I,0
K2729I,K,2729,I,2
K2791I,K,2791,I,0
K2853I,K,2853,I,0
K2868I,K,2868,I,0
K2882I,K,2882,I,0
K2940I,K,2940,I,0
K2979I,K,2979,I,0
K2980I,K,2980,I,0
K2982I,K,2982,I,0
K3031I,K,3031,I,0
K3032I,K,3032,I,0
K3059I,K,3059,I,0
K3083I,K,3083,I,0
K3084I,K,3084,I,0
K3132I,K,3132,I,0
K3151I,K,3151,I,0
K3161I,K,3161,I,0
K3163I,K,3163,I,0
K3196I,K,3196,I,0
L2484I,L,2484,I,0
L2512I,L,2512,I,0
L2581I,L,2581,I,0
L2587I,L,2587,I,0
L2614I,L,2614,I,0
L2647I,L,2647,I,0
L2653I,L,2653,I,0
L2654I,L,2654,I,1
L2656I,L,2656,I,0
L2686I,L,2686,I,0
L2688I,L,2688,I,2
L2721I,L,2721,I,0
L2732I,L,2732,I,0
L2736I,L,2736,I,2
L2737I,L,2737,I,0
L2740I,L,2740,I,0
L2753I,L,2753,I,0
L2768I,L,2768,I,0
L2774I,L,2774,I,0
L2776I,L,2776,I,0
L2792I,L,2792,I,0
L2805I,L,2805,I,0
L2808I,L,2808,I,0
L2838I,L,2838,I,0
L2862I,L,2862,I,2
L2865I,L,2865,I,1
L2885I,L,2885,I,0
L2890I,L,2890,I,0
L2904I,L,2904,I,0
L2917I,L,2917,I,0
L2926I,L,2926,I,0
L2946I,L,2946,I,0
L2962I,L,2962,I,0
L2996I,L,2996,I,0
L3000I,L,3000,I,0
L3011I,L,3011,I,2
L3027I,L,3027,I,0
L3045I,L,3045,I,0
L3055I,L,3055,I,0
L3061I,L,3061,I,0
L3074I,L,3074,I,0
L3087I,L,3087,I,0
L3100I,L,3100,I,0
L3101I,L,3101,I,0
L3109I,L,3109,I,0
L3119I,L,3119,I,0
L3125I,L,3125,I,0
L3135I,L,3135,I,0
L3136I,L,3136,I,0
L3138I,L,3138,I,0
L3172I,L,3172,I,1
L3180I,L,3180,I,0
L3215I,L,3215,I,0
N2486I,N,2486,I,0
N2556I,N,2556,I,2
N2591I,N,2591,I,0
N2622I,N,2622,I,2
N2644I,N,2644,I,0
N2699I,N,2699,I,0
N2706I,N,2706,I,1
N2742I,N,2742,I,0
N2781I,N,2781,I,2
N2814I,N,2814,I,0
N2843I,N,2843,I,1
N2879I,N,2879,I,0
N2910I,N,2910,I,0
N2930I,N,2930,I,0
N2931I,N,2931,I,0
N2937I,N,2937,I,0
N3099I,N,3099,I,1
N3110I,N,3110,I,0
N3124I,N,3124,I,2
N3160I,N,3160,I,0
N3164I,N,3164,I,0
N3168I,N,3168,I,2
N3174I,N,3174,I,0
N3178I,N,3178,I,0
N3187I,N,3187,I,0
N3213I,N,3213,I,0
R2488I,R,2488,I,2
R2500I,R,2500,I,0
R2617I,R,2617,I,1
R2625I,R,2625,I,2
R2645I,R,2645,I,0
R2659I,R,2659,I,2
R2666I,R,2666,I,0
R2668I,R,2668,I,0
R2669I,R,2669,I,1
R2678I,R,2678,I,1
R2744I,R,2744,I,1
R2799I,R,2799,I,0
R2824I,R,2824,I,2
R2861I,R,2861,I,0
R2892I,R,2892,I,0
R2927I,R,2927,I,0
R2933I,R,2933,I,0
R3005I,R,3005,I,2
R3007I,R,3007,I,0
S2483I,S,2483,I,2
S2509I,S,2509,I,0
S2554I,S,2554,I,2
S2572I,S,2572,I,1
S2648I,S,2648,I,2
S2667I,S,2667,I,0
S2697I,S,2697,I,0
S2705I,S,2705,I,0
S2709I,S,2709,I,0
S2710I,S,2710,I,0
S2782I,S,2782,I,0
S2810I,S,2810,I,0
S2922I,S,2922,I,0
S2976I,S,2976,I,0
S2988I,S,2988,I,0
S3058I,S,3058,I,0
S3123I,S,3123,I,0
T2482I,T,2482,I,2
T2515I,T,2515,I,0
T2517I,T,2517,I,0
T2564I,T,2564,I,1
T2575I,T,2575,I,0
T2607I,T,2607,I,0
T2681I,T,2681,I,0
T2685I,T,2685,I,0
T2703I,T,2703,I,0
T2708I,T,2708,I,0
T2713I,T,2713,I,0
T2722I,T,2722,I,2
T2746I,T,2746,I,0
T2766I,T,2766,I,0
T2783I,T,2783,I,0
T2790I,T,2790,I,0
T2834I,T,2834,I,1
T2867I,T,2867,I,0
T2880I,T,2880,I,0
T2881I,T,2881,I,2
T2967I,T,2967,I,1
T2968I,T,2968,I,2
T3001I,T,3001,I,1
T3030I,T,3030,I,0
T3033I,T,3033,I,0
T3085I,T,3085,I,1
T3137I,T,3137,I,0
T3158I,T,3158,I,0
T3165I,T,3165,I,0
T3193I,T,3193,I,2
T3195I,T,3195,I,0
T3199I,T,3199,I,0
T3204I,T,3204,I,2
T3211I,T,3211,I,2
V2503I,V,2503,I,0
V2527I,V,2527,I,2
V2531I,V,2531,I,0
V2545I,V,2545,I,0
V2610I,V,2610,I,0
V2620I,V,2620,I,0
V2687I,V,2687,I,0
V2690I,V,2690,I,0
V2716I,V,2716,I,0
V2728I,V,2728,I,0
V2739I,V,2739,I,0
V2747I,V,2747,I,0
V2815I,V,2815,I,0
V2818I,V,2818,I,0
V2820I,V,2820,I,0
V2895I,V,2895,I,0
V2966I,V,2966,I,0
V2975I,V,2975,I,0
V2985I,V,2985,I,2
V3040I,V,3040,I,0
V3078I,V,3078,I,0
V3079I,V,3079,I,1
V3081I,V,3081,I,0
V3091I,V,3091,I,0
V3166I,V,3166,I,0
E2565K,E,2565,K,0
E2571K,E,2571,K,2
E2598K,E,2598,K,1
E2599K,E,2599,K,2
E2635K,E,2635,K,2
E2641K,E,2641,K,0
E2650K,E,2650,K,0
E2663K,E,2663,K,2
E2677K,E,2677,K,0
E2702K,E,2702,K,0
E2720K,E,2720,K,1
E2757K,E,2757,K,0
E2769K,E,2769,K,0
E2772K,E,2772,K,0
E2832K,E,2832,K,0
E2844K,E,2844,K,0
E2846K,E,2846,K,0
E2847K,E,2847,K,0
E2848K,E,2848,K,0
E2850K,E,2850,K,0
E2856K,E,2856,K,0
E2863K,E,2863,K,0
E2871K,E,2871,K,0
E2872K,E,2872,K,0
E2874K,E,2874,K,0
E2875K,E,2875,K,0
E2877K,E,2877,K,0
E2878K,E,2878,K,2
E2903K,E,2903,K,0
E2906K,E,2906,K,0
E2918K,E,2918,K,0
E2923K,E,2923,K,0
E2924K,E,2924,K,0
E2947K,E,2947,K,0
E2953K,E,2953,K,1
E2956K,E,2956,K,1
E2959K,E,2959,K,0
E2981K,E,2981,K,0
E3002K,E,3002,K,2
E3043K,E,3043,K,1
E3053K,E,3053,K,0
E3071K,E,3071,K,2
E3096K,E,3096,K,0
E3111K,E,3111,K,0
E3130K,E,3130,K,0
E3152K,E,3152,K,0
E3157K,E,3157,K,0
E3167K,E,3167,K,0
E3175K,E,3175,K,0
E3177K,E,3177,K,0
I2490K,I,2490,K,0
I2550K,I,2550,K,0
I2579K,I,2579,K,0
I2588K,I,2588,K,0
I2628K,I,2628,K,2
I2672K,I,2672,K,2
I2675K,I,2675,K,2
I2693K,I,2693,K,1
I2700K,I,2700,K,0
I2828K,I,2828,K,0
I2840K,I,2840,K,0
I2986K,I,2986,K,0
I3075K,I,3075,K,2
I3103K,I,3103,K,2
I3107K,I,3107,K,0
I3171K,I,3171,K,0
I3183K,I,3183,K,0
M2493K,M,2493,K,0
M2634K,M,2634,K,0
M2676K,M,2676,K,1
M2775K,M,2775,K,0
M2831K,M,2831,K,0
M2935K,M,2935,K,0
M2952K,M,2952,K,2
M3118K,M,3118,K,0
M3162K,M,3162,K,0
M3181K,M,3181,K,0
Q2485K,Q,2485,K,2
Q2491K,Q,2491,K,0
Q2499K,Q,2499,K,0
Q2501K,Q,2501,K,0
Q2506K,Q,2506,K,0
Q2530K,Q,2530,K,0
Q2539K,Q,2539,K,0
Q2561K,Q,2561,K,1
Q2580K,Q,2580,K,0
Q2655K,Q,2655,K,2
Q2714K,Q,2714,K,0
Q2731K,Q,2731,K,0
Q2749K,Q,2749,K,0
Q2823K,Q,2823,K,0
Q2829K,Q,2829,K,0
Q2858K,Q,2858,K,1
Q2859K,Q,2859,K,0
Q2870K,Q,2870,K,0
Q2893K,Q,2893,K,0
Q2894K,Q,2894,K,0
Q2899K,Q,2899,K,0
Q2925K,Q,2925,K,0
Q2934K,Q,2934,K,0
Q2941K,Q,2941,K,0
Q2943K,Q,2943,K,0
Q2945K,Q,2945,K,0
Q2957K,Q,2957,K,0
Q2960K,Q,2960,K,0
Q3034K,Q,3034,K,0
Q3036K,Q,3036,K,0
Q3037K,Q,3037,K,0
Q3047K,Q,3047,K,0
Q3050K,Q,3050,K,0
Q3066K,Q,3066,K,1
Q3126K,Q,3126,K,0
Q3156K,Q,3156,K,0
Q3206K,Q,3206,K,0
R2488K,R,2488,K,0
R2500K,R,2500,K,0
R2602K,R,2602,K,2
R2617K,R,2617,K,0
R2625K,R,2625,K,0
R2645K,R,2645,K,0
R2651K,R,2651,K,2
R2659K,R,2659,K,2
R2666K,R,2666,K,0
R2668K,R,2668,K,0
R2669K,R,2669,K,0
R2678K,R,2678,K,0
R2744K,R,2744,K,0
R2799K,R,2799,K,0
R2824K,R,2824,K,0
R2845K,R,2845,K,2
R2861K,R,2861,K,0
R2892K,R,2892,K,0
R2927K,R,2927,K,0
R2933K,R,2933,K,0
R2949K,R,2949,K,0
R2964K,R,2964,K,0
R3005K,R,3005,K,0
R3007K,R,3007,K,0
T2482K,T,2482,K,1
T2515K,T,2515,K,0
T2542K,T,2542,K,1
T2662K,T,2662,K,0
T2681K,T,2681,K,0
T2685K,T,2685,K,0
T2722K,T,2722,K,1
T2746K,T,2746,K,0
T2766K,T,2766,K,0
T2790K,T,2790,K,0
T2834K,T,2834,K,0
T2880K,T,2880,K,0
T2881K,T,2881,K,0
T2891K,T,2891,K,0
T2967K,T,2967,K,1
T2968K,T,2968,K,0
T3001K,T,3001,K,0
T3030K,T,3030,K,0
T3085K,T,3085,K,2
T3158K,T,3158,K,0
T3211K,T,3211,K,0
F2866L,F,2866,L,2
H2537L,H,2537,L,0
H2563L,H,2563,L,0
H2623L,H,2623,L,2
H2754L,H,2754,L,0
H2876L,H,2876,L,0
H2932L,H,2932,L,0
H3056L,H,3056,L,0
H3117L,H,3117,L,0
H3154L,H,3154,L,0
H3182L,H,3182,L,0
H3185L,H,3185,L,0
I2481L,I,2481,L,2
I2495L,I,2495,L,0
I2521L,I,2521,L,2
I2615L,I,2615,L,0
I2618L,I,2618,L,0
I2627L,I,2627,L,0
I2664L,I,2664,L,0
I2694L,I,2694,L,0
I2718L,I,2718,L,0
I2719L,I,2719,L,0
I2751L,I,2751,L,0
I2752L,I,2752,L,0
I2778L,I,2778,L,2
I2821L,I,2821,L,0
I2822L,I,2822,L,0
I2869L,I,2869,L,0
I2944L,I,2944,L,0
I2948L,I,2948,L,0
I2974L,I,2974,L,0
I2989L,I,2989,L,0
I3008L,I,3008,L,2
I3044L,I,3044,L,0
I3048L,I,3048,L,0
I3113L,I,3113,L,0
I3114L,I,3114,L,0
I3120L,I,3120,L,0
I3169L,I,3169,L,0
I3208L,I,3208,L,0
P2505L,P,2505,L,0
P2507L,P,2507,L,0
P2519L,P,2519,L,1
P2532L,P,2532,L,0
P2589L,P,2589,L,2
P2608L,P,2608,L,2
P2612L,P,2612,L,1
P2639L,P,2639,L,1
P2649L,P,2649,L,2
P2734L,P,2734,L,0
P2735L,P,2735,L,0
P2762L,P,2762,L,0
P2767L,P,2767,L,0
P2771L,P,2771,L,1
P2785L,P,2785,L,0
P2796L,P,2796,L,0
P2798L,P,2798,L,0
P2800L,P,2800,L,0
P2802L,P,2802,L,0
P2804L,P,2804,L,0
P2827L,P,2827,L,1
P2883L,P,2883,L,0
P2886L,P,2886,L,0
P2914L,P,2914,L,0
P2992L,P,2992,L,2
P3039L,P,3039,L,0
P3051L,P,3051,L,1
P3054L,P,3054,L,0
P3063L,P,3063,L,1
P3067L,P,3067,L,0
P3089L,P,3089,L,2
P3116L,P,3116,L,0
P3129L,P,3129,L,0
P3150L,P,3150,L,1
P3189L,P,3189,L,0
P3202L,P,3202,L,0
P3209L,P,3209,L,0
Q2485L,Q,2485,L,2
Q2491L,Q,2491,L,0
Q2499L,Q,2499,L,0
Q2501L,Q,2501,L,0
Q2506L,Q,2506,L,0
Q2530L,Q,2530,L,0
Q2539L,Q,2539,L,1
Q2561L,Q,2561,L,0
Q2580L,Q,2580,L,0
Q2655L,Q,2655,L,0
Q2714L,Q,2714,L,0
Q2731L,Q,2731,L,0
Q2749L,Q,2749,L,0
Q2823L,Q,2823,L,0
Q2829L,Q,2829,L,2
Q2858L,Q,2858,L,0
Q2859L,Q,2859,L,0
Q2870L,Q,2870,L,0
Q2893L,Q,2893,L,0
Q2899L,Q,2899,L,0
Q2925L,Q,2925,L,0
Q2934L,Q,2934,L,0
Q2941L,Q,2941,L,2
Q2943L,Q,2943,L,0
Q2945L,Q,2945,L,0
Q2957L,Q,2957,L,0
Q2960L,Q,2960,L,2
Q3034L,Q,3034,L,0
Q3037L,Q,3037,L,0
Q3047L,Q,3047,L,0
Q3050L,Q,3050,L,0
Q3066L,Q,3066,L,0
Q3126L,Q,3126,L,0
Q3156L,Q,3156,L,0
Q3206L,Q,3206,L,0
R2494L,R,2494,L,2
R2502L,R,2502,L,0
R2520L,R,2520,L,0
R2784L,R,2784,L,1
R2787L,R,2787,L,0
R2842L,R,2842,L,0
R2888L,R,2888,L,0
R2896L,R,2896,L,0
R2973L,R,2973,L,0
R2991L,R,2991,L,2
R3052L,R,3052,L,2
R3128L,R,3128,L,0
S2516L,S,2516,L,0
S2695L,S,2695,L,0
S2806L,S,2806,L,0
S2807L,S,2807,L,2
S2835L,S,2835,L,0
S2963L,S,2963,L,1
S2978L,S,2978,L,0
S2984L,S,2984,L,0
S2993L,S,2993,L,1
S2994L,S,2994,L,1
S3041L,S,3041,L,0
S3094L,S,3094,L,2
S3133L,S,3133,L,0
S3192L,S,3192,L,0
S3200L,S,3200,L,0
V2503L,V,2503,L,0
V2531L,V,2531,L,0
V2545L,V,2545,L,0
V2620L,V,2620,L,0
V2687L,V,2687,L,0
V2690L,V,2690,L,0
V2716L,V,2716,L,0
V2728L,V,2728,L,0
V2739L,V,2739,L,0
V2747L,V,2747,L,0
V2815L,V,2815,L,0
V2818L,V,2818,L,0
V2855L,V,2855,L,1
V2895L,V,2895,L,0
V2966L,V,2966,L,0
V2985L,V,2985,L,2
V3040L,V,3040,L,0
V3078L,V,3078,L,2
V3079L,V,3079,L,0
V3082L,V,3082,L,0
V3091L,V,3091,L,0
V3166L,V,3166,L,0
W2574L,W,2574,L,0
W2586L,W,2586,L,0
W2619L,W,2619,L,2
W2626L,W,2626,L,1
W2629L,W,2629,L,0
W2725L,W,2725,L,2
W2788L,W,2788,L,2
W2830L,W,2830,L,2
W2970L,W,2970,L,0
W2990L,W,2990,L,2
W3106L,W,3106,L,0
W3127L,W,3127,L,0
W3191L,W,3191,L,0
I2490M,I,2490,M,0
I2495M,I,2495,M,0
I2521M,I,2521,M,2
I2550M,I,2550,M,2
I2552M,I,2552,M,0
I2579M,I,2579,M,0
I2588M,I,2588,M,0
I2615M,I,2615,M,0
I2618M,I,2618,M,0
I2627M,I,2627,M,2
I2628M,I,2628,M,0
I2664M,I,2664,M,0
I2672M,I,2672,M,0
I2675M,I,2675,M,0
I2693M,I,2693,M,0
I2694M,I,2694,M,0
I2700M,I,2700,M,0
I2718M,I,2718,M,0
I2719M,I,2719,M,0
I2751M,I,2751,M,0
I2752M,I,2752,M,1
I2778M,I,2778,M,0
I2821M,I,2821,M,0
I2822M,I,2822,M,0
I2828M,I,2828,M,0
I2840M,I,2840,M,0
I2869M,I,2869,M,0
I2944M,I,2944,M,0
I2948M,I,2948,M,0
I2974M,I,2974,M,2
I2986M,I,2986,M,0
I2989M,I,2989,M,0
I3008M,I,3008,M,2
I3044M,I,3044,M,0
I3048M,I,3048,M,0
I3075M,I,3075,M,0
I3103M,I,3103,M,0
I3107M,I,3107,M,0
I3113M,I,3113,M,0
I3114M,I,3114,M,0
I3120M,I,3120,M,0
I3169M,I,3169,M,0
I3171M,I,3171,M,2
I3183M,I,3183,M,0
I3207M,I,3207,M,2
I3208M,I,3208,M,0
K2496M,K,2496,M,0
K2497M,K,2497,M,0
K2570M,K,2570,M,0
K2594M,K,2594,M,0
K2613M,K,2613,M,0
K2640M,K,2640,M,0
K2674M,K,2674,M,0
K2741M,K,2741,M,0
K2750M,K,2750,M,2
K2777M,K,2777,M,0
K2833M,K,2833,M,0
K2849M,K,2849,M,0
K2860M,K,2860,M,0
K2909M,K,2909,M,0
K2939M,K,2939,M,0
K2950M,K,2950,M,0
K2958M,K,2958,M,0
K2971M,K,2971,M,0
K3004M,K,3004,M,1
K3104M,K,3104,M,0
K3115M,K,3115,M,0
K3179M,K,3179,M,0
K3190M,K,3190,M,0
K3214M,K,3214,M,2
L2510M,L,2510,M,0
L2518M,L,2518,M,1
L2523M,L,2523,M,2
L2540M,L,2540,M,0
L2604M,L,2604,M,0
L2631M,L,2631,M,0
L2696M,L,2696,M,0
L2745M,L,2745,M,0
L2758M,L,2758,M,0
L2803M,L,2803,M,0
L2898M,L,2898,M,0
L2929M,L,2929,M,0
L2936M,L,2936,M,0
L2972M,L,2972,M,0
L2987M,L,2987,M,0
L2999M,L,2999,M,0
L3093M,L,3093,M,0
L3184M,L,3184,M,0
L3216M,L,3216,M,2
R2602M,R,2602,M,2
R2651M,R,2651,M,2
R2949M,R,2949,M,0
R2964M,R,2964,M,0
T2542M,T,2542,M,0
T2662M,T,2662,M,0
V2652M,V,2652,M,2
V2759M,V,2759,M,0
V2855M,V,2855,M,0
V2908M,V,2908,M,2
V2969M,V,2969,M,0
V3072M,V,3072,M,1
V3082M,V,3082,M,0
V3145M,V,3145,M,0
D2489N,D,2489,N,0
D2492N,D,2492,N,0
D2566N,D,2566,N,1
D2583N,D,2583,N,1
D2592N,D,2592,N,0
D2606N,D,2606,N,0
D2611N,D,2611,N,0
D2661N,D,2661,N,0
D2665N,D,2665,N,0
D2679N,D,2679,N,0
D2680N,D,2680,N,0
D2692N,D,2692,N,0
D2712N,D,2712,N,0
D2723N,D,2723,N,2
D2733N,D,2733,N,0
D2763N,D,2763,N,0
D2797N,D,2797,N,0
D2811N,D,2811,N,0
D2819N,D,2819,N,2
D2900N,D,2900,N,0
D2913N,D,2913,N,0
D2938N,D,2938,N,0
D2965N,D,2965,N,0
D2983N,D,2983,N,0
D2995N,D,2995,N,1
D3042N,D,3042,N,0
D3062N,D,3062,N,0
D3064N,D,3064,N,0
D3073N,D,3073,N,2
D3095N,D,3095,N,0
D3108N,D,3108,N,0
D3112N,D,3112,N,2
D3142N,D,3142,N,0
D3170N,D,3170,N,0
D3188N,D,3188,N,0
H2537N,H,2537,N,0
H2548N,H,2548,N,0
H2563N,H,2563,N,0
H2623N,H,2623,N,1
H2754N,H,2754,N,0
H2876N,H,2876,N,0
H2932N,H,2932,N,0
H3010N,H,3010,N,2
H3056N,H,3056,N,0
H3117N,H,3117,N,0
H3182N,H,3182,N,0
H3185N,H,3185,N,0
I2481N,I,2481,N,0
I2495N,I,2495,N,2
I2521N,I,2521,N,0
I2552N,I,2552,N,0
I2615N,I,2615,N,2
I2618N,I,2618,N,0
I2627N,I,2627,N,2
I2664N,I,2664,N,0
I2694N,I,2694,N,0
I2718N,I,2718,N,0
I2719N,I,2719,N,2
I2751N,I,2751,N,2
I2752N,I,2752,N,2
I2778N,I,2778,N,2
I2821N,I,2821,N,2
I2822N,I,2822,N,2
I2869N,I,2869,N,0
I2944N,I,2944,N,0
I2948N,I,2948,N,0
I2974N,I,2974,N,2
I2989N,I,2989,N,2
I3008N,I,3008,N,2
I3044N,I,3044,N,0
I3048N,I,3048,N,0
I3113N,I,3113,N,0
I3114N,I,3114,N,2
I3120N,I,3120,N,2
I3169N,I,3169,N,0
I3207N,I,3207,N,2
K2547N,K,2547,N,2
K2849N,K,2849,N,1
K2860N,K,2860,N,2
K2939N,K,2939,N,0
K2940N,K,2940,N,0
S2483N,S,2483,N,0
S2509N,S,2509,N,0
S2554N,S,2554,N,2
S2572N,S,2572,N,2
S2648N,S,2648,N,0
S2667N,S,2667,N,0
S2697N,S,2697,N,0
S2705N,S,2705,N,1
S2709N,S,2709,N,0
S2710N,S,2710,N,0
S2782N,S,2782,N,0
S2810N,S,2810,N,0
S2922N,S,2922,N,0
S2976N,S,2976,N,0
S2988N,S,2988,N,0
S3058N,S,3058,N,0
S3123N,S,3123,N,0
S3149N,S,3149,N,0
T2517N,T,2517,N,0
T2575N,T,2575,N,0
T2607N,T,2607,N,1
T2703N,T,2703,N,0
T2708N,T,2708,N,1
T2713N,T,2713,N,0
T2783N,T,2783,N,2
T2867N,T,2867,N,1
T3033N,T,3033,N,2
T3137N,T,3137,N,0
T3165N,T,3165,N,0
T3193N,T,3193,N,0
T3195N,T,3195,N,2
T3204N,T,3204,N,0
Y2511N,Y,2511,N,1
Y2541N,Y,2541,N,0
Y2543N,Y,2543,N,0
Y2567N,Y,2567,N,0
Y2601N,Y,2601,N,2
Y2621N,Y,2621,N,0
Y2624N,Y,2624,N,2
Y2658N,Y,2658,N,0
Y2660N,Y,2660,N,2
Y2726N,Y,2726,N,2
Y2789N,Y,2789,N,0
Y2826N,Y,2826,N,2
Y2839N,Y,2839,N,0
Y2854N,Y,2854,N,0
Y2884N,Y,2884,N,0
Y2905N,Y,2905,N,0
Y2916N,Y,2916,N,0
Y2920N,Y,2920,N,0
Y2977N,Y,2977,N,0
Y2997N,Y,2997,N,0
Y3006N,Y,3006,N,2
Y3009N,Y,3009,N,2
Y3035N,Y,3035,N,2
Y3049N,Y,3049,N,2
Y3092N,Y,3092,N,2
Y3098N,Y,3098,N,0
Y3203N,Y,3203,N,0
A2487P,A,2487,P,0
A2513P,A,2513,P,2
A2525P,A,2525,P,0
A2526P,A,2526,P,0
A2534P,A,2534,P,0
A2557P,A,2557,P,1
A2582P,A,2582,P,0
A2595P,A,2595,P,2
A2603P,A,2603,P,2
A2632P,A,2632,P,2
A2633P,A,2633,P,2
A2637P,A,2637,P,2
A2643P,A,2643,P,0
A2671P,A,2671,P,0
A2682P,A,2682,P,0
A2683P,A,2683,P,0
A2698P,A,2698,P,0
A2711P,A,2711,P,0
A2717P,A,2717,P,0
A2727P,A,2727,P,0
A2730P,A,2730,P,2
A2738P,A,2738,P,0
A2756P,A,2756,P,0
A2764P,A,2764,P,0
A2770P,A,2770,P,0
A2780P,A,2780,P,2
A2786P,A,2786,P,2
A2825P,A,2825,P,2
A2851P,A,2851,P,0
A2852P,A,2852,P,0
A2857P,A,2857,P,0
A2897P,A,2897,P,0
A2902P,A,2902,P,0
A2907P,A,2907,P,0
A2911P,A,2911,P,0
A2912P,A,2912,P,0
A2915P,A,2915,P,0
A2928P,A,2928,P,0
A2942P,A,2942,P,0
A2951P,A,2951,P,0
A2955P,A,2955,P,0
A3028P,A,3028,P,2
A3029P,A,3029,P,0
A3088P,A,3088,P,0
A3121P,A,3121,P,2
A3122P,A,3122,P,2
A3140P,A,3140,P,2
A3148P,A,3148,P,0
A3186P,A,3186,P,0
A3205P,A,3205,P,0
H2537P,H,2537,P,0
H2548P,H,2548,P,0
H2563P,H,2563,P,0
H2623P,H,2623,P,2
H2754P,H,2754,P,1
H2876P,H,2876,P,0
H2932P,H,2932,P,0
H3010P,H,3010,P,0
H3056P,H,3056,P,0
H3117P,H,3117,P,0
H3154P,H,3154,P,0
H3182P,H,3182,P,0
H3185P,H,3185,P,0
L2484P,L,2484,P,1
L2510P,L,2510,P,2
L2512P,L,2512,P,0
L2518P,L,2518,P,2
L2523P,L,2523,P,0
L2540P,L,2540,P,0
L2587P,L,2587,P,2
L2604P,L,2604,P,2
L2614P,L,2614,P,2
L2631P,L,2631,P,2
L2647P,L,2647,P,2
L2653P,L,2653,P,2
L2654P,L,2654,P,2
L2656P,L,2656,P,2
L2686P,L,2686,P,2
L2688P,L,2688,P,2
L2721P,L,2721,P,2
L2736P,L,2736,P,2
L2745P,L,2745,P,0
L2753P,L,2753,P,2
L2758P,L,2758,P,0
L2768P,L,2768,P,0
L2774P,L,2774,P,0
L2792P,L,2792,P,2
L2803P,L,2803,P,0
L2808P,L,2808,P,0
L2862P,L,2862,P,0
L2890P,L,2890,P,0
L2904P,L,2904,P,0
L2917P,L,2917,P,0
L2987P,L,2987,P,2
L2999P,L,2999,P,0
L3011P,L,3011,P,0
L3055P,L,3055,P,0
L3074P,L,3074,P,2
L3087P,L,3087,P,0
L3101P,L,3101,P,2
L3109P,L,3109,P,0
L3125P,L,3125,P,2
L3135P,L,3135,P,0
L3136P,L,3136,P,0
L3172P,L,3172,P,0
L3180P,L,3180,P,2
L3184P,L,3184,P,0
L3215P,L,3215,P,1
L3216P,L,3216,P,2
Q2485P,Q,2485,P,2
Q2491P,Q,2491,P,0
Q2499P,Q,2499,P,0
Q2501P,Q,2501,P,0
Q2506P,Q,2506,P,1
Q2530P,Q,2530,P,0
Q2539P,Q,2539,P,1
Q2561P,Q,2561,P,2
Q2580P,Q,2580,P,0
Q2655P,Q,2655,P,0
Q2714P,Q,2714,P,0
Q2731P,Q,2731,P,1
Q2749P,Q,2749,P,2
Q2823P,Q,2823,P,1
Q2829P,Q,2829,P,2
Q2858P,Q,2858,P,0
Q2859P,Q,2859,P,0
Q2870P,Q,2870,P,0
Q2893P,Q,2893,P,0
Q2894P,Q,2894,P,0
Q2899P,Q,2899,P,2
Q2925P,Q,2925,P,0
Q2934P,Q,2934,P,0
Q2941P,Q,2941,P,0
Q2943P,Q,2943,P,0
Q2945P,Q,2945,P,0
Q2957P,Q,2957,P,0
Q2960P,Q,2960,P,0
Q3034P,Q,3034,P,2
Q3036P,Q,3036,P,1
Q3037P,Q,3037,P,0
Q3047P,Q,3047,P,0
Q3050P,Q,3050,P,0
Q3066P,Q,3066,P,0
Q3126P,Q,3126,P,0
Q3156P,Q,3156,P,0
Q3206P,Q,3206,P,0
R2494P,R,2494,P,2
R2502P,R,2502,P,0
R2520P,R,2520,P,2
R2784P,R,2784,P,2
R2787P,R,2787,P,0
R2842P,R,2842,P,0
R2888P,R,2888,P,0
R2896P,R,2896,P,0
R2973P,R,2973,P,2
R2991P,R,2991,P,2
R3052P,R,3052,P,2
R3128P,R,3128,P,0
S2516P,S,2516,P,0
S2522P,S,2522,P,0
S2533P,S,2533,P,0
S2536P,S,2536,P,0
S2546P,S,2546,P,0
S2559P,S,2559,P,1
S2590P,S,2590,P,0
S2616P,S,2616,P,0
S2670P,S,2670,P,0
S2691P,S,2691,P,2
S2695P,S,2695,P,0
S2701P,S,2701,P,0
S2704P,S,2704,P,0
S2761P,S,2761,P,0
S2773P,S,2773,P,0
S2779P,S,2779,P,0
S2806P,S,2806,P,0
S2807P,S,2807,P,0
S2835P,S,2835,P,0
S2836P,S,2836,P,0
S2887P,S,2887,P,0
S2954P,S,2954,P,0
S2963P,S,2963,P,0
S2978P,S,2978,P,0
S2984P,S,2984,P,0
S2993P,S,2993,P,0
S2994P,S,2994,P,0
S2998P,S,2998,P,0
S3041P,S,3041,P,0
S3068P,S,3068,P,0
S3070P,S,3070,P,0
S3080P,S,3080,P,2
S3094P,S,3094,P,2
S3131P,S,3131,P,0
S3133P,S,3133,P,0
S3144P,S,3144,P,2
S3147P,S,3147,P,2
S3192P,S,3192,P,0
S3200P,S,3200,P,0
T2515P,T,2515,P,0
T2517P,T,2517,P,0
T2542P,T,2542,P,0
T2564P,T,2564,P,0
T2575P,T,2575,P,0
T2607P,T,2607,P,2
T2662P,T,2662,P,0
T2681P,T,2681,P,0
T2685P,T,2685,P,0
T2703P,T,2703,P,0
T2708P,T,2708,P,0
T2713P,T,2713,P,1
T2722P,T,2722,P,0
T2746P,T,2746,P,0
T2766P,T,2766,P,0
T2783P,T,2783,P,2
T2790P,T,2790,P,0
T2834P,T,2834,P,2
T2867P,T,2867,P,0
T2880P,T,2880,P,0
T2881P,T,2881,P,0
T2891P,T,2891,P,0
T2967P,T,2967,P,0
T2968P,T,2968,P,0
T3001P,T,3001,P,2
T3030P,T,3030,P,0
T3033P,T,3033,P,1
T3085P,T,3085,P,0
T3137P,T,3137,P,2
T3158P,T,3158,P,0
T3165P,T,3165,P,0
T3193P,T,3193,P,0
T3195P,T,3195,P,0
T3199P,T,3199,P,0
T3204P,T,3204,P,0
T3211P,T,3211,P,0
E2558Q,E,2558,Q,0
E2565Q,E,2565,Q,0
E2571Q,E,2571,Q,0
E2598Q,E,2598,Q,0
E2599Q,E,2599,Q,1
E2635Q,E,2635,Q,0
E2641Q,E,2641,Q,0
E2650Q,E,2650,Q,1
E2663Q,E,2663,Q,2
E2677Q,E,2677,Q,0
E2702Q,E,2702,Q,0
E2720Q,E,2720,Q,0
E2757Q,E,2757,Q,0
E2769Q,E,2769,Q,0
E2772Q,E,2772,Q,0
E2832Q,E,2832,Q,0
E2844Q,E,2844,Q,1
E2846Q,E,2846,Q,0
E2847Q,E,2847,Q,0
E2848Q,E,2848,Q,0
E2850Q,E,2850,Q,0
E2856Q,E,2856,Q,1
E2863Q,E,2863,Q,2
E2871Q,E,2871,Q,0
E2872Q,E,2872,Q,0
E2874Q,E,2874,Q,0
E2875Q,E,2875,Q,0
E2877Q,E,2877,Q,0
E2878Q,E,2878,Q,2
E2903Q,E,2903,Q,0
E2906Q,E,2906,Q,0
E2918Q,E,2918,Q,0
E2923Q,E,2923,Q,2
E2924Q,E,2924,Q,2
E2947Q,E,2947,Q,0
E2953Q,E,2953,Q,1
E2956Q,E,2956,Q,0
E2959Q,E,2959,Q,0
E2981Q,E,2981,Q,0
E3002Q,E,3002,Q,2
E3043Q,E,3043,Q,0
E3053Q,E,3053,Q,0
E3071Q,E,3071,Q,0
E3096Q,E,3096,Q,0
E3111Q,E,3111,Q,0
E3130Q,E,3130,Q,0
E3152Q,E,3152,Q,0
E3157Q,E,3157,Q,0
E3167Q,E,3167,Q,0
E3175Q,E,3175,Q,0
E3177Q,E,3177,Q,0
K2496Q,K,2496,Q,0
K2497Q,K,2497,Q,0
K2498Q,K,2498,Q,0
K2514Q,K,2514,Q,0
K2524Q,K,2524,Q,0
K2538Q,K,2538,Q,0
K2547Q,K,2547,Q,2
K2551Q,K,2551,Q,0
K2555Q,K,2555,Q,0
K2570Q,K,2570,Q,0
K2577Q,K,2577,Q,0
K2594Q,K,2594,Q,0
K2597Q,K,2597,Q,1
K2613Q,K,2613,Q,0
K2630Q,K,2630,Q,2
K2640Q,K,2640,Q,0
K2657Q,K,2657,Q,0
K2673Q,K,2673,Q,0
K2674Q,K,2674,Q,0
K2684Q,K,2684,Q,0
K2707Q,K,2707,Q,1
K2715Q,K,2715,Q,0
K2729Q,K,2729,Q,0
K2741Q,K,2741,Q,0
K2750Q,K,2750,Q,2
K2777Q,K,2777,Q,0
K2791Q,K,2791,Q,0
K2833Q,K,2833,Q,0
K2849Q,K,2849,Q,0
K2853Q,K,2853,Q,0
K2860Q,K,2860,Q,0
K2868Q,K,2868,Q,0
K2882Q,K,2882,Q,0
K2909Q,K,2909,Q,0
K2939Q,K,2939,Q,0
K2940Q,K,2940,Q,0
K2950Q,K,2950,Q,2
K2958Q,K,2958,Q,0
K2971Q,K,2971,Q,0
K2979Q,K,2979,Q,0
K2980Q,K,2980,Q,0
K2982Q,K,2982,Q,0
K3004Q,K,3004,Q,2
K3031Q,K,3031,Q,0
K3032Q,K,3032,Q,0
K3059Q,K,3059,Q,0
K3083Q,K,3083,Q,0
K3084Q,K,3084,Q,2
K3104Q,K,3104,Q,0
K3115Q,K,3115,Q,0
K3132Q,K,3132,Q,0
K3151Q,K,3151,Q,0
K3161Q,K,3161,Q,0
K3163Q,K,3163,Q,0
K3179Q,K,3179,Q,0
K3190Q,K,3190,Q,0
K3214Q,K,3214,Q,2
L2510Q,L,2510,Q,0
L2518Q,L,2518,Q,0
L2523Q,L,2523,Q,1
L2540Q,L,2540,Q,0
L2604Q,L,2604,Q,2
L2631Q,L,2631,Q,0
L2647Q,L,2647,Q,2
L2656Q,L,2656,Q,2
L2745Q,L,2745,Q,2
L2758Q,L,2758,Q,0
L2803Q,L,2803,Q,0
L2862Q,L,2862,Q,0
L2890Q,L,2890,Q,0
L2987Q,L,2987,Q,2
L2999Q,L,2999,Q,2
L3074Q,L,3074,Q,1
L3101Q,L,3101,Q,2
L3184Q,L,3184,Q,1
L3216Q,L,3216,Q,0
P2505Q,P,2505,Q,0
P2507Q,P,2507,Q,0
P2532Q,P,2532,Q,0
P2608Q,P,2608,Q,0
P2612Q,P,2612,Q,0
P2649Q,P,2649,Q,0
P2771Q,P,2771,Q,0
P2883Q,P,2883,Q,0
P2886Q,P,2886,Q,0
P2914Q,P,2914,Q,0
P2992Q,P,2992,Q,2
P3039Q,P,3039,Q,0
P3051Q,P,3051,Q,0
P3063Q,P,3063,Q,0
P3067Q,P,3067,Q,0
P3129Q,P,3129,Q,0
P3150Q,P,3150,Q,2
P3194Q,P,3194,Q,0
R2494Q,R,2494,Q,0
R2520Q,R,2520,Q,0
R2784Q,R,2784,Q,2
R3128Q,R,3128,Q,0
C2535R,C,2535,R,0
C2549R,C,2549,R,0
C2605R,C,2605,R,0
C2636R,C,2636,R,0
C2646R,C,2646,R,0
C2689R,C,2689,R,0
C2765R,C,2765,R,0
C2817R,C,2817,R,0
C3069R,C,3069,R,0
C3097R,C,3097,R,0
C3173R,C,3173,R,1
C3198R,C,3198,R,0
G2508R,G,2508,R,2
G2529R,G,2529,R,0
G2569R,G,2569,R,1
G2584R,G,2584,R,0
G2609R,G,2609,R,2
G2743R,G,2743,R,0
G2748R,G,2748,R,2
G2760R,G,2760,R,0
G2816R,G,2816,R,0
G2901R,G,2901,R,0
G2919R,G,2919,R,0
G2961R,G,2961,R,0
G3134R,G,3134,R,0
G3153R,G,3153,R,0
G3210R,G,3210,R,0
H2537R,H,2537,R,1
H2548R,H,2548,R,0
H2563R,H,2563,R,0
H2623R,H,2623,R,2
H2754R,H,2754,R,0
H2876R,H,2876,R,0
H2932R,H,2932,R,0
H3010R,H,3010,R,2
H3056R,H,3056,R,0
H3117R,H,3117,R,0
H3154R,H,3154,R,0
H3182R,H,3182,R,2
H3185R,H,3185,R,0
I2490R,I,2490,R,0
I2579R,I,2579,R,0
I2588R,I,2588,R,2
I2628R,I,2628,R,2
I2672R,I,2672,R,2
I2675R,I,2675,R,2
I2693R,I,2693,R,0
I2700R,I,2700,R,0
I2828R,I,2828,R,0
I2840R,I,2840,R,0
I2986R,I,2986,R,0
I3075R,I,3075,R,2
I3107R,I,3107,R,0
I3171R,I,3171,R,2
I3183R,I,3183,R,0
K2496R,K,2496,R,0
K2497R,K,2497,R,0
K2498R,K,2498,R,0
K2514R,K,2514,R,0
K2524R,K,2524,R,0
K2538R,K,2538,R,0
K2547R,K,2547,R,0
K2551R,K,2551,R,0
K2555R,K,2555,R,0
K2570R,K,2570,R,0
K2577R,K,2577,R,0
K2594R,K,2594,R,0
K2597R,K,2597,R,0
K2613R,K,2613,R,0
K2630R,K,2630,R,0
K2640R,K,2640,R,0
K2657R,K,2657,R,0
K2673R,K,2673,R,0
K2674R,K,2674,R,0
K2684R,K,2684,R,0
K2707R,K,2707,R,0
K2715R,K,2715,R,0
K2729R,K,2729,R,0
K2741R,K,2741,R,0
K2750R,K,2750,R,2
K2777R,K,2777,R,1
K2791R,K,2791,R,0
K2833R,K,2833,R,0
K2849R,K,2849,R,0
K2853R,K,2853,R,0
K2860R,K,2860,R,0
K2868R,K,2868,R,0
K2882R,K,2882,R,0
K2909R,K,2909,R,0
K2939R,K,2939,R,2
K2940R,K,2940,R,0
K2950R,K,2950,R,0
K2958R,K,2958,R,1
K2971R,K,2971,R,0
K2979R,K,2979,R,0
K2980R,K,2980,R,0
K2982R,K,2982,R,0
K3004R,K,3004,R,0
K3031R,K,3031,R,2
K3032R,K,3032,R,0
K3059R,K,3059,R,0
K3083R,K,3083,R,0
K3084R,K,3084,R,0
K3104R,K,3104,R,0
K3115R,K,3115,R,0
K3132R,K,3132,R,0
K3151R,K,3151,R,0
K3161R,K,3161,R,0
K3163R,K,3163,R,0
K3179R,K,3179,R,0
K3190R,K,3190,R,0
K3196R,K,3196,R,0
K3214R,K,3214,R,0
L2484R,L,2484,R,0
L2510R,L,2510,R,0
L2512R,L,2512,R,2
L2518R,L,2518,R,0
L2523R,L,2523,R,0
L2540R,L,2540,R,0
L2587R,L,2587,R,2
L2604R,L,2604,R,2
L2614R,L,2614,R,0
L2631R,L,2631,R,2
L2647R,L,2647,R,2
L2653R,L,2653,R,0
L2656R,L,2656,R,2
L2686R,L,2686,R,2
L2688R,L,2688,R,2
L2721R,L,2721,R,2
L2736R,L,2736,R,2
L2745R,L,2745,R,2
L2753R,L,2753,R,2
L2758R,L,2758,R,0
L2768R,L,2768,R,0
L2774R,L,2774,R,0
L2792R,L,2792,R,2
L2803R,L,2803,R,2
L2808R,L,2808,R,1
L2862R,L,2862,R,0
L2890R,L,2890,R,0
L2904R,L,2904,R,2
L2917R,L,2917,R,0
L2987R,L,2987,R,2
L2999R,L,2999,R,2
L3011R,L,3011,R,2
L3055R,L,3055,R,0
L3074R,L,3074,R,2
L3087R,L,3087,R,0
L3101R,L,3101,R,2
L3109R,L,3109,R,0
L3125R,L,3125,R,2
L3135R,L,3135,R,0
L3136R,L,3136,R,2
L3172R,L,3172,R,2
L3180R,L,3180,R,0
L3184R,L,3184,R,0
L3215R,L,3215,R,0
L3216R,L,3216,R,2
M2493R,M,2493,R,0
M2634R,M,2634,R,2
M2676R,M,2676,R,2
M2775R,M,2775,R,0
M2831R,M,2831,R,0
M2935R,M,2935,R,0
M2952R,M,2952,R,2
M3118R,M,3118,R,0
M3162R,M,3162,R,0
M3181R,M,3181,R,0
P2505R,P,2505,R,0
P2507R,P,2507,R,0
P2519R,P,2519,R,0
P2532R,P,2532,R,0
P2589R,P,2589,R,1
P2608R,P,2608,R,0
P2612R,P,2612,R,0
P2639R,P,2639,R,0
P2649R,P,2649,R,2
P2734R,P,2734,R,0
P2735R,P,2735,R,0
P2762R,P,2762,R,0
P2767R,P,2767,R,0
P2771R,P,2771,R,0
P2785R,P,2785,R,0
P2796R,P,2796,R,0
P2798R,P,2798,R,0
P2800R,P,2800,R,2
P2802R,P,2802,R,0
P2804R,P,2804,R,0
P2827R,P,2827,R,0
P2883R,P,2883,R,0
P2886R,P,2886,R,0
P2914R,P,2914,R,0
P2992R,P,2992,R,1
P3039R,P,3039,R,0
P3051R,P,3051,R,0
P3054R,P,3054,R,0
P3063R,P,3063,R,0
P3067R,P,3067,R,0
P3089R,P,3089,R,0
P3116R,P,3116,R,0
P3129R,P,3129,R,0
P3150R,P,3150,R,2
P3189R,P,3189,R,0
P3202R,P,3202,R,0
P3209R,P,3209,R,2
Q2485R,Q,2485,R,0
Q2491R,Q,2491,R,0
Q2499R,Q,2499,R,0
Q2501R,Q,2501,R,0
Q2506R,Q,2506,R,0
Q2530R,Q,2530,R,1
Q2539R,Q,2539,R,0
Q2561R,Q,2561,R,2
Q2580R,Q,2580,R,0
Q2655R,Q,2655,R,0
Q2714R,Q,2714,R,0
Q2731R,Q,2731,R,0
Q2749R,Q,2749,R,0
Q2823R,Q,2823,R,0
Q2829R,Q,2829,R,2
Q2858R,Q,2858,R,0
Q2859R,Q,2859,R,2
Q2870R,Q,2870,R,0
Q2893R,Q,2893,R,0
Q2894R,Q,2894,R,0
Q2899R,Q,2899,R,0
Q2925R,Q,2925,R,1
Q2934R,Q,2934,R,0
Q2941R,Q,2941,R,0
Q2943R,Q,2943,R,0
Q2945R,Q,2945,R,0
Q2957R,Q,2957,R,0
Q2960R,Q,2960,R,0
Q3034R,Q,3034,R,0
Q3036R,Q,3036,R,0
Q3037R,Q,3037,R,0
Q3047R,Q,3047,R,0
Q3050R,Q,3050,R,0
Q3066R,Q,3066,R,0
Q3126R,Q,3126,R,0
Q3156R,Q,3156,R,0
Q3206R,Q,3206,R,0
T2515R,T,2515,R,2
T2542R,T,2542,R,0
T2662R,T,2662,R,2
T2681R,T,2681,R,0
T2685R,T,2685,R,0
T2746R,T,2746,R,0
T2766R,T,2766,R,0
T2790R,T,2790,R,0
T2834R,T,2834,R,2
T2880R,T,2880,R,0
T2881R,T,2881,R,0
T2967R,T,2967,R,0
T2968R,T,2968,R,0
T3001R,T,3001,R,2
T3085R,T,3085,R,0
T3158R,T,3158,R,0
T3211R,T,3211,R,0
W3106R,W,3106,R,0
A2487S,A,2487,S,2
A2513S,A,2513,S,0
A2525S,A,2525,S,0
A2526S,A,2526,S,1
A2534S,A,2534,S,0
A2557S,A,2557,S,0
A2582S,A,2582,S,0
A2595S,A,2595,S,0
A2603S,A,2603,S,0
A2632S,A,2632,S,0
A2633S,A,2633,S,0
A2637S,A,2637,S,0
A2643S,A,2643,S,0
A2671S,A,2671,S,0
A2682S,A,2682,S,0
A2683S,A,2683,S,0
A2698S,A,2698,S,0
A2711S,A,2711,S,0
A2717S,A,2717,S,0
A2727S,A,2727,S,0
A2730S,A,2730,S,0
A2738S,A,2738,S,0
A2756S,A,2756,S,0
A2764S,A,2764,S,0
A2770S,A,2770,S,0
A2780S,A,2780,S,0
A2786S,A,2786,S,0
A2825S,A,2825,S,0
A2851S,A,2851,S,0
A2852S,A,2852,S,1
A2857S,A,2857,S,0
A2864S,A,2864,S,0
A2897S,A,2897,S,0
A2902S,A,2902,S,0
A2907S,A,2907,S,0
A2911S,A,2911,S,0
A2912S,A,2912,S,0
A2915S,A,2915,S,0
A2928S,A,2928,S,0
A2942S,A,2942,S,0
A2951S,A,2951,S,0
A2955S,A,2955,S,0
A3028S,A,3028,S,0
A3029S,A,3029,S,1
A3088S,A,3088,S,0
A3102S,A,3102,S,0
A3121S,A,3121,S,0
A3122S,A,3122,S,0
A3140S,A,3140,S,0
A3176S,A,3176,S,0
A3186S,A,3186,S,0
C3198S,C,3198,S,2
F2504S,F,2504,S,0
F2560S,F,2560,S,0
F2562S,F,2562,S,0
F2568S,F,2568,S,2
F2600S,F,2600,S,2
F2638S,F,2638,S,1
F2642S,F,2642,S,2
F2794S,F,2794,S,0
F2795S,F,2795,S,0
F2809S,F,2809,S,0
F2841S,F,2841,S,0
F2866S,F,2866,S,0
F2873S,F,2873,S,0
F2921S,F,2921,S,0
F3046S,F,3046,S,0
F3057S,F,3057,S,2
F3060S,F,3060,S,0
F3065S,F,3065,S,0
F3077S,F,3077,S,0
F3090S,F,3090,S,0
F3105S,F,3105,S,0
F3139S,F,3139,S,0
F3143S,F,3143,S,0
F3146S,F,3146,S,2
F3155S,F,3155,S,0
F3159S,F,3159,S,2
G2508S,G,2508,S,0
G2529S,G,2529,S,0
G2544S,G,2544,S,0
G2569S,G,2569,S,0
G2584S,G,2584,S,0
G2609S,G,2609,S,0
G2743S,G,2743,S,2
G2748S,G,2748,S,1
G2760S,G,2760,S,0
G2816S,G,2816,S,0
G2901S,G,2901,S,1
G2919S,G,2919,S,0
G2961S,G,2961,S,0
G3086S,G,3086,S,2
G3134S,G,3134,S,0
G3153S,G,3153,S,0
G3210S,G,3210,S,0
I2481S,I,2481,S,0
I2495S,I,2495,S,0
I2521S,I,2521,S,2
I2552S,I,2552,S,1
I2615S,I,2615,S,2
I2618S,I,2618,S,0
I2627S,I,2627,S,1
I2664S,I,2664,S,1
I2694S,I,2694,S,0
I2718S,I,2718,S,1
I2719S,I,2719,S,2
I2751S,I,2751,S,2
I2752S,I,2752,S,2
I2778S,I,2778,S,2
I2821S,I,2821,S,2
I2822S,I,2822,S,2
I2869S,I,2869,S,1
I2944S,I,2944,S,1
I2948S,I,2948,S,0
I2974S,I,2974,S,1
I2989S,I,2989,S,0
I3008S,I,3008,S,2
I3044S,I,3044,S,0
I3048S,I,3048,S,0
I3113S,I,3113,S,0
I3114S,I,3114,S,2
I3120S,I,3120,S,2
I3169S,I,3169,S,0
I3207S,I,3207,S,0
I3208S,I,3208,S,0
L2480S,L,2480,S,0
L2573S,L,2573,S,0
L2581S,L,2581,S,0
L2696S,L,2696,S,0
L2732S,L,2732,S,0
L2737S,L,2737,S,0
L2740S,L,2740,S,2
L2776S,L,2776,S,2
L2805S,L,2805,S,0
L2838S,L,2838,S,0
L2865S,L,2865,S,2
L2885S,L,2885,S,0
L2898S,L,2898,S,0
L2926S,L,2926,S,0
L2929S,L,2929,S,0
L2936S,L,2936,S,0
L2946S,L,2946,S,0
L2962S,L,2962,S,0
L2972S,L,2972,S,0
L2996S,L,2996,S,0
L3000S,L,3000,S,0
L3027S,L,3027,S,2
L3045S,L,3045,S,0
L3061S,L,3061,S,0
L3093S,L,3093,S,0
L3100S,L,3100,S,2
L3119S,L,3119,S,1
L3138S,L,3138,S,2
N2486S,N,2486,S,1
N2553S,N,2553,S,0
N2556S,N,2556,S,1
N2591S,N,2591,S,0
N2622S,N,2622,S,2
N2644S,N,2644,S,0
N2699S,N,2699,S,0
N2706S,N,2706,S,0
N2742S,N,2742,S,0
N2781S,N,2781,S,1
N2814S,N,2814,S,0
N2843S,N,2843,S,0
N2879S,N,2879,S,0
N2910S,N,2910,S,0
N2930S,N,2930,S,0
N2931S,N,2931,S,0
N2937S,N,2937,S,0
N3099S,N,3099,S,0
N3110S,N,3110,S,0
N3124S,N,3124,S,0
N3160S,N,3160,S,0
N3164S,N,3164,S,0
N3168S,N,3168,S,0
N3174S,N,3174,S,0
N3178S,N,3178,S,0
N3187S,N,3187,S,0
N3213S,N,3213,S,0
P2505S,P,2505,S,0
P2507S,P,2507,S,0
P2519S,P,2519,S,0
P2532S,P,2532,S,0
P2589S,P,2589,S,0
P2608S,P,2608,S,0
P2612S,P,2612,S,0
P2639S,P,2639,S,0
P2649S,P,2649,S,2
P2734S,P,2734,S,0
P2735S,P,2735,S,2
P2762S,P,2762,S,0
P2767S,P,2767,S,0
P2771S,P,2771,S,0
P2785S,P,2785,S,0
P2796S,P,2796,S,0
P2798S,P,2798,S,0
P2800S,P,2800,S,0
P2802S,P,2802,S,0
P2804S,P,2804,S,0
P2827S,P,2827,S,0
P2883S,P,2883,S,0
P2886S,P,2886,S,0
P2914S,P,2914,S,0
P2992S,P,2992,S,2
P3039S,P,3039,S,0
P3051S,P,3051,S,0
P3054S,P,3054,S,0
P3063S,P,3063,S,0
P3067S,P,3067,S,0
P3089S,P,3089,S,0
P3116S,P,3116,S,0
P3129S,P,3129,S,0
P3150S,P,3150,S,0
P3189S,P,3189,S,0
P3202S,P,3202,S,0
P3209S,P,3209,S,0
R2502S,R,2502,S,0
R2787S,R,2787,S,0
R2842S,R,2842,S,0
R2888S,R,2888,S,0
R2896S,R,2896,S,0
R2973S,R,2973,S,0
R2991S,R,2991,S,0
R3052S,R,3052,S,2
T2482S,T,2482,S,2
T2515S,T,2515,S,2
T2542S,T,2542,S,0
T2662S,T,2662,S,0
T2681S,T,2681,S,0
T2685S,T,2685,S,0
T2722S,T,2722,S,0
T2746S,T,2746,S,0
T2766S,T,2766,S,0
T2790S,T,2790,S,0
T2834S,T,2834,S,0
T2880S,T,2880,S,0
T2881S,T,2881,S,0
T2891S,T,2891,S,0
T2967S,T,2967,S,0
T2968S,T,2968,S,0
T3001S,T,3001,S,2
T3030S,T,3030,S,0
T3033S,T,3033,S,0
T3085S,T,3085,S,0
T3158S,T,3158,S,0
T3199S,T,3199,S,0
T3211S,T,3211,S,0
W2574S,W,2574,S,0
W2586S,W,2586,S,0
W2619S,W,2619,S,2
W2626S,W,2626,S,2
W2629S,W,2629,S,0
W2725S,W,2725,S,2
W2788S,W,2788,S,2
W2830S,W,2830,S,0
W2970S,W,2970,S,0
W2990S,W,2990,S,0
W3106S,W,3106,S,0
W3127S,W,3127,S,0
W3191S,W,3191,S,0
Y2511S,Y,2511,S,0
Y2541S,Y,2541,S,0
Y2543S,Y,2543,S,0
Y2567S,Y,2567,S,2
Y2601S,Y,2601,S,2
Y2621S,Y,2621,S,0
Y2624S,Y,2624,S,2
Y2658S,Y,2658,S,0
Y2660S,Y,2660,S,2
Y2726S,Y,2726,S,0
Y2789S,Y,2789,S,0
Y2826S,Y,2826,S,2
Y2839S,Y,2839,S,0
Y2854S,Y,2854,S,0
Y2884S,Y,2884,S,0
Y2905S,Y,2905,S,0
Y2916S,Y,2916,S,0
Y2920S,Y,2920,S,0
Y2977S,Y,2977,S,0
Y2997S,Y,2997,S,0
Y3006S,Y,3006,S,2
Y3009S,Y,3009,S,2
Y3035S,Y,3035,S,1
Y3049S,Y,3049,S,2
Y3092S,Y,3092,S,2
Y3098S,Y,3098,S,0
Y3203S,Y,3203,S,0
A2513T,A,2513,T,2
A2525T,A,2525,T,0
A2526T,A,2526,T,2
A2534T,A,2534,T,0
A2557T,A,2557,T,0
A2582T,A,2582,T,0
A2595T,A,2595,T,0
A2603T,A,2603,T,0
A2632T,A,2632,T,0
A2633T,A,2633,T,0
A2637T,A,2637,T,0
A2643T,A,2643,T,0
A2671T,A,2671,T,0
A2682T,A,2682,T,0
A2683T,A,2683,T,0
A2698T,A,2698,T,0
A2711T,A,2711,T,0
A2717T,A,2717,T,0
A2727T,A,2727,T,0
A2730T,A,2730,T,0
A2738T,A,2738,T,0
A2756T,A,2756,T,0
A2764T,A,2764,T,0
A2770T,A,2770,T,0
A2780T,A,2780,T,0
A2786T,A,2786,T,0
A2825T,A,2825,T,0
A2851T,A,2851,T,0
A2852T,A,2852,T,0
A2857T,A,2857,T,2
A2864T,A,2864,T,2
A2889T,A,2889,T,0
A2897T,A,2897,T,0
A2902T,A,2902,T,0
A2907T,A,2907,T,0
A2911T,A,2911,T,0
A2912T,A,2912,T,0
A2915T,A,2915,T,0
A2928T,A,2928,T,0
A2942T,A,2942,T,0
A2951T,A,2951,T,0
A2955T,A,2955,T,0
A3028T,A,3028,T,0
A3029T,A,3029,T,0
A3088T,A,3088,T,0
A3121T,A,3121,T,0
A3122T,A,3122,T,0
A3140T,A,3140,T,0
A3148T,A,3148,T,0
A3176T,A,3176,T,2
A3186T,A,3186,T,0
A3205T,A,3205,T,2
I2481T,I,2481,T,2
I2490T,I,2490,T,0
I2495T,I,2495,T,0
I2521T,I,2521,T,0
I2550T,I,2550,T,0
I2552T,I,2552,T,2
I2579T,I,2579,T,0
I2588T,I,2588,T,0
I2615T,I,2615,T,0
I2618T,I,2618,T,0
I2627T,I,2627,T,0
I2628T,I,2628,T,0
I2664T,I,2664,T,0
I2672T,I,2672,T,2
I2675T,I,2675,T,1
I2693T,I,2693,T,0
I2694T,I,2694,T,0
I2700T,I,2700,T,0
I2718T,I,2718,T,0
I2719T,I,2719,T,1
I2751T,I,2751,T,1
I2752T,I,2752,T,0
I2778T,I,2778,T,0
I2821T,I,2821,T,0
I2822T,I,2822,T,1
I2828T,I,2828,T,0
I2840T,I,2840,T,0
I2869T,I,2869,T,0
I2944T,I,2944,T,0
I2948T,I,2948,T,0
I2974T,I,2974,T,0
I2986T,I,2986,T,0
I2989T,I,2989,T,0
I3008T,I,3008,T,2
I3044T,I,3044,T,0
I3048T,I,3048,T,0
I3075T,I,3075,T,0
I3103T,I,3103,T,2
I3107T,I,3107,T,0
I3113T,I,3113,T,0
I3114T,I,3114,T,2
I3120T,I,3120,T,0
I3169T,I,3169,T,0
I3171T,I,3171,T,0
I3183T,I,3183,T,0
I3207T,I,3207,T,2
I3208T,I,3208,T,2
K2496T,K,2496,T,0
K2497T,K,2497,T,0
K2498T,K,2498,T,0
K2514T,K,2514,T,2
K2524T,K,2524,T,0
K2538T,K,2538,T,0
K2547T,K,2547,T,0
K2551T,K,2551,T,0
K2555T,K,2555,T,0
K2570T,K,2570,T,0
K2577T,K,2577,T,0
K2594T,K,2594,T,0
K2597T,K,2597,T,1
K2613T,K,2613,T,0
K2630T,K,2630,T,2
K2640T,K,2640,T,0
K2657T,K,2657,T,2
K2673T,K,2673,T,0
K2674T,K,2674,T,0
K2684T,K,2684,T,0
K2707T,K,2707,T,0
K2715T,K,2715,T,0
K2729T,K,2729,T,1
K2741T,K,2741,T,0
K2750T,K,2750,T,2
K2777T,K,2777,T,0
K2791T,K,2791,T,0
K2833T,K,2833,T,0
K2849T,K,2849,T,0
K2853T,K,2853,T,0
K2860T,K,2860,T,0
K2868T,K,2868,T,0
K2882T,K,2882,T,0
K2909T,K,2909,T,0
K2939T,K,2939,T,0
K2940T,K,2940,T,0
K2950T,K,2950,T,0
K2958T,K,2958,T,0
K2971T,K,2971,T,0
K2979T,K,2979,T,0
K2980T,K,2980,T,0
K2982T,K,2982,T,0
K3004T,K,3004,T,2
K3031T,K,3031,T,0
K3032T,K,3032,T,0
K3059T,K,3059,T,0
K3083T,K,3083,T,2
K3084T,K,3084,T,2
K3104T,K,3104,T,0
K3115T,K,3115,T,0
K3132T,K,3132,T,0
K3151T,K,3151,T,0
K3161T,K,3161,T,0
K3163T,K,3163,T,0
K3179T,K,3179,T,0
K3190T,K,3190,T,0
K3196T,K,3196,T,0
K3214T,K,3214,T,0
M2493T,M,2493,T,0
M2634T,M,2634,T,0
M2676T,M,2676,T,0
M2775T,M,2775,T,0
M2831T,M,2831,T,0
M2935T,M,2935,T,0
M2952T,M,2952,T,0
M3118T,M,3118,T,0
M3162T,M,3162,T,0
M3181T,M,3181,T,0
N2486T,N,2486,T,0
N2553T,N,2553,T,2
N2556T,N,2556,T,2
N2591T,N,2591,T,0
N2622T,N,2622,T,2
N2644T,N,2644,T,0
N2699T,N,2699,T,0
N2706T,N,2706,T,0
N2742T,N,2742,T,0
N2781T,N,2781,T,1
N2814T,N,2814,T,0
N2843T,N,2843,T,0
N2879T,N,2879,T,0
N2910T,N,2910,T,0
N2930T,N,2930,T,0
N2931T,N,2931,T,0
N2937T,N,2937,T,0
N3099T,N,3099,T,0
N3110T,N,3110,T,0
N3124T,N,3124,T,2
N3160T,N,3160,T,0
N3164T,N,3164,T,0
N3168T,N,3168,T,2
N3174T,N,3174,T,1
N3178T,N,3178,T,0
N3187T,N,3187,T,0
N3213T,N,3213,T,2
P2505T,P,2505,T,0
P2507T,P,2507,T,0
P2519T,P,2519,T,0
P2532T,P,2532,T,0
P2589T,P,2589,T,0
P2608T,P,2608,T,0
P2612T,P,2612,T,0
P2639T,P,2639,T,0
P2649T,P,2649,T,1
P2734T,P,2734,T,0
P2735T,P,2735,T,0
P2762T,P,2762,T,0
P2767T,P,2767,T,0
P2771T,P,2771,T,0
P2785T,P,2785,T,0
P2796T,P,2796,T,0
P2798T,P,2798,T,0
P2800T,P,2800,T,2
P2802T,P,2802,T,0
P2804T,P,2804,T,0
P2827T,P,2827,T,0
P2883T,P,2883,T,0
P2886T,P,2886,T,0
P2914T,P,2914,T,0
P2992T,P,2992,T,1
P3039T,P,3039,T,0
P3051T,P,3051,T,0
P3054T,P,3054,T,0
P3063T,P,3063,T,0
P3067T,P,3067,T,0
P3089T,P,3089,T,0
P3116T,P,3116,T,0
P3129T,P,3129,T,0
P3150T,P,3150,T,0
P3189T,P,3189,T,0
P3194T,P,3194,T,0
P3202T,P,3202,T,0
P3209T,P,3209,T,2
R2488T,R,2488,T,0
R2500T,R,2500,T,0
R2602T,R,2602,T,2
R2617T,R,2617,T,0
R2625T,R,2625,T,2
R2645T,R,2645,T,0
R2651T,R,2651,T,2
R2659T,R,2659,T,2
R2666T,R,2666,T,0
R2668T,R,2668,T,0
R2669T,R,2669,T,0
R2678T,R,2678,T,0
R2744T,R,2744,T,0
R2799T,R,2799,T,0
R2824T,R,2824,T,2
R2845T,R,2845,T,0
R2861T,R,2861,T,0
R2892T,R,2892,T,0
R2927T,R,2927,T,0
R2933T,R,2933,T,0
R2949T,R,2949,T,0
R2964T,R,2964,T,0
R3007T,R,3007,T,2
S2509T,S,2509,T,0
S2516T,S,2516,T,0
S2522T,S,2522,T,2
S2533T,S,2533,T,0
S2536T,S,2536,T,0
S2546T,S,2546,T,0
S2554T,S,2554,T,1
S2559T,S,2559,T,0
S2572T,S,2572,T,2
S2616T,S,2616,T,0
S2648T,S,2648,T,2
S2667T,S,2667,T,0
S2670T,S,2670,T,0
S2691T,S,2691,T,0
S2695T,S,2695,T,0
S2697T,S,2697,T,0
S2701T,S,2701,T,0
S2704T,S,2704,T,0
S2705T,S,2705,T,1
S2709T,S,2709,T,0
S2710T,S,2710,T,0
S2761T,S,2761,T,0
S2773T,S,2773,T,0
S2779T,S,2779,T,0
S2782T,S,2782,T,0
S2806T,S,2806,T,0
S2807T,S,2807,T,0
S2810T,S,2810,T,0
S2835T,S,2835,T,0
S2836T,S,2836,T,0
S2887T,S,2887,T,0
S2922T,S,2922,T,0
S2954T,S,2954,T,0
S2963T,S,2963,T,0
S2976T,S,2976,T,0
S2978T,S,2978,T,0
S2984T,S,2984,T,0
S2988T,S,2988,T,0
S2993T,S,2993,T,0
S2994T,S,2994,T,0
S2998T,S,2998,T,0
S3041T,S,3041,T,0
S3058T,S,3058,T,0
S3068T,S,3068,T,0
S3070T,S,3070,T,0
S3080T,S,3080,T,2
S3094T,S,3094,T,0
S3123T,S,3123,T,0
S3131T,S,3131,T,0
S3133T,S,3133,T,0
S3144T,S,3144,T,0
S3147T,S,3147,T,0
S3149T,S,3149,T,0
S3192T,S,3192,T,0
S3200T,S,3200,T,0
A2487V,A,2487,V,0
A2513V,A,2513,V,0
A2525V,A,2525,V,0
A2526V,A,2526,V,0
A2534V,A,2534,V,0
A2557V,A,2557,V,2
A2582V,A,2582,V,0
A2595V,A,2595,V,0
A2603V,A,2603,V,0
A2632V,A,2632,V,0
A2633V,A,2633,V,0
A2637V,A,2637,V,0
A2643V,A,2643,V,0
A2671V,A,2671,V,0
A2682V,A,2682,V,0
A2683V,A,2683,V,0
A2698V,A,2698,V,0
A2711V,A,2711,V,0
A2717V,A,2717,V,0
A2727V,A,2727,V,0
A2730V,A,2730,V,2
A2738V,A,2738,V,0
A2756V,A,2756,V,0
A2764V,A,2764,V,0
A2770V,A,2770,V,0
A2780V,A,2780,V,0
A2786V,A,2786,V,0
A2825V,A,2825,V,0
A2851V,A,2851,V,0
A2852V,A,2852,V,0
A2857V,A,2857,V,2
A2864V,A,2864,V,2
A2889V,A,2889,V,1
A2897V,A,2897,V,0
A2902V,A,2902,V,0
A2907V,A,2907,V,0
A2911V,A,2911,V,0
A2912V,A,2912,V,0
A2915V,A,2915,V,0
A2928V,A,2928,V,0
A2942V,A,2942,V,0
A2951V,A,2951,V,2
A2955V,A,2955,V,1
A3028V,A,3028,V,0
A3029V,A,3029,V,0
A3088V,A,3088,V,0
A3102V,A,3102,V,0
A3121V,A,3121,V,0
A3122V,A,3122,V,0
A3140V,A,3140,V,0
A3148V,A,3148,V,0
A3176V,A,3176,V,2
A3186V,A,3186,V,0
A3205V,A,3205,V,0
D2489V,D,2489,V,0
D2492V,D,2492,V,0
D2566V,D,2566,V,1
D2583V,D,2583,V,2
D2592V,D,2592,V,0
D2606V,D,2606,V,0
D2611V,D,2611,V,0
D2661V,D,2661,V,2
D2665V,D,2665,V,0
D2679V,D,2679,V,0
D2680V,D,2680,V,0
D2692V,D,2692,V,2
D2712V,D,2712,V,0
D2723V,D,2723,V,2
D2733V,D,2733,V,2
D2763V,D,2763,V,0
D2797V,D,2797,V,0
D2811V,D,2811,V,0
D2819V,D,2819,V,2
D2900V,D,2900,V,0
D2913V,D,2913,V,0
D2938V,D,2938,V,0
D2965V,D,2965,V,2
D2983V,D,2983,V,0
D2995V,D,2995,V,2
D3042V,D,3042,V,0
D3062V,D,3062,V,0
D3064V,D,3064,V,0
D3073V,D,3073,V,1
D3095V,D,3095,V,2
D3108V,D,3108,V,2
D3112V,D,3112,V,0
D3142V,D,3142,V,0
D3170V,D,3170,V,2
D3188V,D,3188,V,0
D3197V,D,3197,V,2
E2558V,E,2558,V,0
E2565V,E,2565,V,2
E2598V,E,2598,V,2
E2599V,E,2599,V,0
E2635V,E,2635,V,1
E2641V,E,2641,V,0
E2650V,E,2650,V,1
E2663V,E,2663,V,2
E2677V,E,2677,V,2
E2702V,E,2702,V,0
E2720V,E,2720,V,2
E2757V,E,2757,V,0
E2769V,E,2769,V,0
E2772V,E,2772,V,0
E2832V,E,2832,V,0
E2844V,E,2844,V,0
E2846V,E,2846,V,0
E2847V,E,2847,V,2
E2848V,E,2848,V,0
E2850V,E,2850,V,0
E2856V,E,2856,V,0
E2863V,E,2863,V,0
E2871V,E,2871,V,0
E2872V,E,2872,V,0
E2874V,E,2874,V,0
E2875V,E,2875,V,0
E2877V,E,2877,V,2
E2878V,E,2878,V,0
E2903V,E,2903,V,0
E2906V,E,2906,V,0
E2918V,E,2918,V,2
E2923V,E,2923,V,1
E2924V,E,2924,V,0
E2947V,E,2947,V,0
E2953V,E,2953,V,2
E2956V,E,2956,V,0
E2959V,E,2959,V,2
E2981V,E,2981,V,0
E3002V,E,3002,V,2
E3043V,E,3043,V,0
E3053V,E,3053,V,0
E3071V,E,3071,V,1
E3096V,E,3096,V,0
E3111V,E,3111,V,1
E3130V,E,3130,V,0
E3152V,E,3152,V,0
E3157V,E,3157,V,0
E3167V,E,3167,V,2
E3175V,E,3175,V,0
E3177V,E,3177,V,0
F2504V,F,2504,V,0
F2560V,F,2560,V,0
F2562V,F,2562,V,0
F2568V,F,2568,V,2
F2600V,F,2600,V,2
F2638V,F,2638,V,1
F2642V,F,2642,V,2
F2794V,F,2794,V,0
F2795V,F,2795,V,0
F2801V,F,2801,V,0
F2809V,F,2809,V,0
F2841V,F,2841,V,0
F2866V,F,2866,V,2
F2873V,F,2873,V,0
F2921V,F,2921,V,0
F3046V,F,3046,V,0
F3057V,F,3057,V,0
F3060V,F,3060,V,0
F3065V,F,3065,V,0
F3077V,F,3077,V,0
F3090V,F,3090,V,0
F3139V,F,3139,V,0
F3143V,F,3143,V,0
F3146V,F,3146,V,0
F3159V,F,3159,V,0
G2508V,G,2508,V,2
G2528V,G,2528,V,0
G2529V,G,2529,V,0
G2544V,G,2544,V,0
G2569V,G,2569,V,0
G2576V,G,2576,V,0
G2578V,G,2578,V,0
G2584V,G,2584,V,2
G2585V,G,2585,V,2
G2593V,G,2593,V,0
G2596V,G,2596,V,2
G2609V,G,2609,V,2
G2724V,G,2724,V,2
G2743V,G,2743,V,2
G2748V,G,2748,V,2
G2755V,G,2755,V,1
G2760V,G,2760,V,0
G2793V,G,2793,V,2
G2812V,G,2812,V,0
G2813V,G,2813,V,0
G2816V,G,2816,V,0
G2837V,G,2837,V,0
G2901V,G,2901,V,0
G2919V,G,2919,V,0
G2961V,G,2961,V,0
G3003V,G,3003,V,0
G3076V,G,3076,V,2
G3086V,G,3086,V,0
G3134V,G,3134,V,0
G3141V,G,3141,V,2
G3153V,G,3153,V,0
G3201V,G,3201,V,0
G3210V,G,3210,V,0
G3212V,G,3212,V,0
I2481V,I,2481,V,0
I2490V,I,2490,V,0
I2495V,I,2495,V,0
I2521V,I,2521,V,0
I2550V,I,2550,V,0
I2552V,I,2552,V,0
I2579V,I,2579,V,0
I2588V,I,2588,V,0
I2615V,I,2615,V,0
I2618V,I,2618,V,0
I2627V,I,2627,V,0
I2628V,I,2628,V,0
I2664V,I,2664,V,0
I2672V,I,2672,V,0
I2675V,I,2675,V,2
I2693V,I,2693,V,0
I2694V,I,2694,V,0
I2700V,I,2700,V,0
I2718V,I,2718,V,0
I2719V,I,2719,V,2
I2751V,I,2751,V,0
I2752V,I,2752,V,0
I2778V,I,2778,V,0
I2821V,I,2821,V,0
I2822V,I,2822,V,0
I2828V,I,2828,V,0
I2840V,I,2840,V,0
I2869V,I,2869,V,0
I2944V,I,2944,V,2
I2948V,I,2948,V,0
I2974V,I,2974,V,0
I2986V,I,2986,V,0
I2989V,I,2989,V,0
I3008V,I,3008,V,2
I3044V,I,3044,V,0
I3048V,I,3048,V,0
I3075V,I,3075,V,0
I3103V,I,3103,V,0
I3107V,I,3107,V,0
I3113V,I,3113,V,0
I3114V,I,3114,V,0
I3120V,I,3120,V,0
I3169V,I,3169,V,0
I3171V,I,3171,V,0
I3183V,I,3183,V,0
I3207V,I,3207,V,0
I3208V,I,3208,V,0
L2510V,L,2510,V,0
L2512V,L,2512,V,2
L2518V,L,2518,V,0
L2523V,L,2523,V,0
L2573V,L,2573,V,0
L2581V,L,2581,V,0
L2587V,L,2587,V,0
L2604V,L,2604,V,0
L2614V,L,2614,V,0
L2631V,L,2631,V,0
L2647V,L,2647,V,0
L2653V,L,2653,V,2
L2656V,L,2656,V,2
L2686V,L,2686,V,0
L2688V,L,2688,V,0
L2696V,L,2696,V,0
L2721V,L,2721,V,0
L2732V,L,2732,V,0
L2736V,L,2736,V,2
L2737V,L,2737,V,0
L2740V,L,2740,V,0
L2745V,L,2745,V,0
L2753V,L,2753,V,0
L2758V,L,2758,V,0
L2768V,L,2768,V,0
L2774V,L,2774,V,0
L2776V,L,2776,V,0
L2803V,L,2803,V,0
L2805V,L,2805,V,0
L2808V,L,2808,V,0
L2838V,L,2838,V,0
L2862V,L,2862,V,2
L2885V,L,2885,V,0
L2898V,L,2898,V,0
L2904V,L,2904,V,0
L2917V,L,2917,V,0
L2926V,L,2926,V,0
L2929V,L,2929,V,0
L2936V,L,2936,V,0
L2946V,L,2946,V,0
L2962V,L,2962,V,0
L2972V,L,2972,V,2
L2987V,L,2987,V,0
L2996V,L,2996,V,0
L2999V,L,2999,V,2
L3000V,L,3000,V,0
L3011V,L,3011,V,2
L3027V,L,3027,V,0
L3045V,L,3045,V,0
L3055V,L,3055,V,0
L3061V,L,3061,V,0
L3074V,L,3074,V,0
L3087V,L,3087,V,0
L3093V,L,3093,V,0
L3100V,L,3100,V,0
L3101V,L,3101,V,0
L3109V,L,3109,V,0
L3119V,L,3119,V,0
L3125V,L,3125,V,0
L3135V,L,3135,V,0
L3136V,L,3136,V,0
L3138V,L,3138,V,0
L3180V,L,3180,V,2
L3184V,L,3184,V,0
L3215V,L,3215,V,2
M2493V,M,2493,V,0
M2634V,M,2634,V,0
M2676V,M,2676,V,0
M2775V,M,2775,V,1
M2831V,M,2831,V,0
M2935V,M,2935,V,0
M2952V,M,2952,V,0
M3118V,M,3118,V,0
M3162V,M,3162,V,0
M3181V,M,3181,V,0
C2535W,C,2535,W,0
C2549W,C,2549,W,0
C2605W,C,2605,W,2
C2636W,C,2636,W,0
C2646W,C,2646,W,0
C2689W,C,2689,W,2
C2765W,C,2765,W,0
C2817W,C,2817,W,2
C3069W,C,3069,W,0
C3097W,C,3097,W,0
C3173W,C,3173,W,2
C3198W,C,3198,W,0
G2724W,G,2724,W,2
G3201W,G,3201,W,1
L2696W,L,2696,W,0
L2898W,L,2898,W,0
L2929W,L,2929,W,0
L2936W,L,2936,W,0
L2972W,L,2972,W,0
R2602W,R,2602,W,2
R2651W,R,2651,W,1
R2784W,R,2784,W,2
R2949W,R,2949,W,0
R2964W,R,2964,W,0
S2807W,S,2807,W,1
S3192W,S,3192,W,0
C2535Y,C,2535,Y,0
C2549Y,C,2549,Y,0
C2605Y,C,2605,Y,0
C2636Y,C,2636,Y,0
C2646Y,C,2646,Y,0
C2689Y,C,2689,Y,0
C2765Y,C,2765,Y,0
C2817Y,C,2817,Y,0
C3069Y,C,3069,Y,0
C3097Y,C,3097,Y,0
C3173Y,C,3173,Y,0
C3198Y,C,3198,Y,0
D2489Y,D,2489,Y,0
D2492Y,D,2492,Y,0
D2583Y,D,2583,Y,2
D2592Y,D,2592,Y,0
D2606Y,D,2606,Y,2
D2611Y,D,2611,Y,0
D2661Y,D,2661,Y,2
D2665Y,D,2665,Y,1
D2679Y,D,2679,Y,0
D2680Y,D,2680,Y,0
D2692Y,D,2692,Y,0
D2712Y,D,2712,Y,0
D2723Y,D,2723,Y,0
D2733Y,D,2733,Y,2
D2763Y,D,2763,Y,0
D2797Y,D,2797,Y,0
D2811Y,D,2811,Y,0
D2900Y,D,2900,Y,0
D2913Y,D,2913,Y,0
D2938Y,D,2938,Y,0
D2965Y,D,2965,Y,2
D2983Y,D,2983,Y,0
D2995Y,D,2995,Y,1
D3042Y,D,3042,Y,0
D3062Y,D,3062,Y,0
D3064Y,D,3064,Y,2
D3073Y,D,3073,Y,2
D3108Y,D,3108,Y,1
D3142Y,D,3142,Y,1
D3170Y,D,3170,Y,0
D3188Y,D,3188,Y,0
D3197Y,D,3197,Y,2
F2504Y,F,2504,Y,0
F2568Y,F,2568,Y,2
F2600Y,F,2600,Y,0
F2638Y,F,2638,Y,0
F2642Y,F,2642,Y,1
F2794Y,F,2794,Y,0
F2795Y,F,2795,Y,0
F2809Y,F,2809,Y,0
F2841Y,F,2841,Y,0
F2866Y,F,2866,Y,0
F2873Y,F,2873,Y,0
F2921Y,F,2921,Y,0
F3046Y,F,3046,Y,0
F3057Y,F,3057,Y,0
F3060Y,F,3060,Y,0
F3065Y,F,3065,Y,0
F3077Y,F,3077,Y,1
F3090Y,F,3090,Y,0
F3105Y,F,3105,Y,1
F3139Y,F,3139,Y,0
F3143Y,F,3143,Y,0
F3146Y,F,3146,Y,1
F3155Y,F,3155,Y,0
F3159Y,F,3159,Y,0
H2537Y,H,2537,Y,0
H2548Y,H,2548,Y,1
H2563Y,H,2563,Y,0
H2623Y,H,2623,Y,2
H2754Y,H,2754,Y,0
H2876Y,H,2876,Y,0
H2932Y,H,2932,Y,0
H3010Y,H,3010,Y,0
H3056Y,H,3056,Y,0
H3117Y,H,3117,Y,0
H3154Y,H,3154,Y,0
H3182Y,H,3182,Y,0
H3185Y,H,3185,Y,1
N2486Y,N,2486,Y,0
N2553Y,N,2553,Y,0
N2556Y,N,2556,Y,0
N2591Y,N,2591,Y,0
N2622Y,N,2622,Y,2
N2644Y,N,2644,Y,1
N2699Y,N,2699,Y,0
N2706Y,N,2706,Y,1
N2742Y,N,2742,Y,1
N2781Y,N,2781,Y,2
N2814Y,N,2814,Y,0
N2843Y,N,2843,Y,0
N2879Y,N,2879,Y,0
N2910Y,N,2910,Y,0
N2930Y,N,2930,Y,0
N2931Y,N,2931,Y,0
N2937Y,N,2937,Y,0
N3099Y,N,3099,Y,0
N3110Y,N,3110,Y,0
N3124Y,N,3124,Y,0
N3160Y,N,3160,Y,0
N3164Y,N,3164,Y,0
N3168Y,N,3168,Y,2
N3174Y,N,3174,Y,0
N3178Y,N,3178,Y,0
N3187Y,N,3187,Y,0
N3213Y,N,3213,Y,0
S2522Y,S,2522,Y,0
S2533Y,S,2533,Y,0
S2536Y,S,2536,Y,0
S2546Y,S,2546,Y,0
S2559Y,S,2559,Y,0
S2590Y,S,2590,Y,0
S2616Y,S,2616,Y,2
S2670Y,S,2670,Y,2
S2691Y,S,2691,Y,2
S2701Y,S,2701,Y,0
S2704Y,S,2704,Y,0
S2761Y,S,2761,Y,0
S2773Y,S,2773,Y,0
S2779Y,S,2779,Y,0
S2836Y,S,2836,Y,0
S2954Y,S,2954,Y,1
S2998Y,S,2998,Y,0
S3068Y,S,3068,Y,0
S3070Y,S,3070,Y,0
S3080Y,S,3080,Y,0
S3131Y,S,3131,Y,1
S3144Y,S,3144,Y,2
S3147Y,S,3147,Y,0
F2504L,F,2504,L,0
F2841L,F,2841,L,0
S2697R,S,2697,R,0
S2705R,S,2705,R,1
S2709R,S,2709,R,1
S2710R,S,2710,R,0
S2782R,S,2782,R,0
S2810R,S,2810,R,0
S2922R,S,2922,R,1
S2976R,S,2976,R,0
S2988R,S,2988,R,0
S3123R,S,3123,R,0
S2648R,S,2648,R,1
S3149R,S,3149,R,0
F2809L,F,2809,L,0
F2801L,F,2801,L,0
F2795L,F,2795,L,0
F2794L,F,2794,L,0
F2642L,F,2642,L,0
F2638L,F,2638,L,0
F2600L,F,2600,L,1
F2568L,F,2568,L,1
S2667R,S,2667,R,0
S2572R,S,2572,R,0
F3159L,F,3159,L,0
M2493I,M,2493,I,0
F3146L,F,3146,L,0
F3143L,F,3143,L,0
F3139L,F,3139,L,0
F3090L,F,3090,L,0
F3077L,F,3077,L,1
F3065L,F,3065,L,0
F3060L,F,3060,L,1
F3046L,F,3046,L,0
F2921L,F,2921,L,0
M2634I,M,2634,I,1
F2873L,F,2873,L,1
M2676I,M,2676,I,0
M2775I,M,2775,I,0
M2831I,M,2831,I,0
M2935I,M,2935,I,0
M2952I,M,2952,I,1
M3118I,M,3118,I,0
M3162I,M,3162,I,0
M3181I,M,3181,I,0
S2509R,S,2509,R,0
F2562L,F,2562,L,2
F3155L,F,3155,L,0
H2537Q,H,2537,Q,0
D2712E,D,2712,E,0
N2910K,N,2910,K,0
D2583E,D,2583,E,0
D2592E,D,2592,E,0
D2606E,D,2606,E,0
D2611E,D,2611,E,0
D2661E,D,2661,E,0
D2665E,D,2665,E,0
D2679E,D,2679,E,0
D2680E,D,2680,E,0
D2692E,D,2692,E,0
D2723E,D,2723,E,1
D2489E,D,2489,E,0
D2733E,D,2733,E,1
F3057L,F,3057,L,0
D2763E,D,2763,E,1
D2797E,D,2797,E,0
D2811E,D,2811,E,0
D2819E,D,2819,E,1
F3105L,F,3105,L,1
D2900E,D,2900,E,0
D2938E,D,2938,E,0
D2965E,D,2965,E,0
D2492E,D,2492,E,0
D2479E,D,2479,E,1
H2548Q,H,2548,Q,0
H3182Q,H,3182,Q,0
F2560L,F,2560,L,1
H2563Q,H,2563,Q,0
H2623Q,H,2623,Q,0
H2754Q,H,2754,Q,0
H2876Q,H,2876,Q,0
H2932Q,H,2932,Q,0
H3010Q,H,3010,Q,0
H3056Q,H,3056,Q,0
H3117Q,H,3117,Q,0
H3154Q,H,3154,Q,1
H3185Q,H,3185,Q,0
N2930K,N,2930,K,0
N3213K,N,3213,K,1
N3187K,N,3187,K,0
N3178K,N,3178,K,0
N3174K,N,3174,K,0
N3168K,N,3168,K,1
N3164K,N,3164,K,0
N3160K,N,3160,K,0
N3110K,N,3110,K,1
N2937K,N,2937,K,0
N2931K,N,2931,K,0
K2674N,K,2674,N,0
E2981D,E,2981,D,0
E3177D,E,3177,D,0
M2493L,M,2493,L,0
I3171L,I,3171,L,1
I3107L,I,3107,L,1
I3103L,I,3103,L,1
I3075L,I,3075,L,0
I2986L,I,2986,L,0
I2840L,I,2840,L,0
I2828L,I,2828,L,0
I2700L,I,2700,L,0
I2693L,I,2693,L,0
I2675L,I,2675,L,0
I2672L,I,2672,L,0
I2628L,I,2628,L,0
I2588L,I,2588,L,0
I2579L,I,2579,L,0
I2490L,I,2490,L,0
E2558D,E,2558,D,0
E2565D,E,2565,D,0
I3183L,I,3183,L,1
M2634L,M,2634,L,0
E2598D,E,2598,D,0
M2676L,M,2676,L,0
M3118L,M,3118,L,0
M2952L,M,2952,L,0
M2935L,M,2935,L,0
M2831L,M,2831,L,1
W2574C,W,2574,C,1
W2586C,W,2586,C,0
W2619C,W,2619,C,2
W2626C,W,2626,C,2
W2629C,W,2629,C,1
W2725C,W,2725,C,2
W2788C,W,2788,C,0
W2830C,W,2830,C,1
W2970C,W,2970,C,1
W2990C,W,2990,C,0
M2775L,M,2775,L,0
W3127C,W,3127,C,0
W3191C,W,3191,C,1
E2571D,E,2571,D,1
E2599D,E,2599,D,0
E3175D,E,3175,D,0
E2874D,E,2874,D,0
E2877D,E,2877,D,0
E2878D,E,2878,D,0
E2903D,E,2903,D,0
E2906D,E,2906,D,0
E2918D,E,2918,D,2
E2923D,E,2923,D,0
E2924D,E,2924,D,0
E2947D,E,2947,D,0
E2953D,E,2953,D,0
E2956D,E,2956,D,0
E2959D,E,2959,D,0
D2995E,D,2995,E,0
E3002D,E,3002,D,2
E3043D,E,3043,D,0
E3053D,E,3053,D,0
E3130D,E,3130,D,0
E3157D,E,3157,D,0
E2875D,E,2875,D,0
E2872D,E,2872,D,0
E2635D,E,2635,D,0
E2871D,E,2871,D,0
E2641D,E,2641,D,0
E2650D,E,2650,D,1
E2663D,E,2663,D,2
E2677D,E,2677,D,0
E2702D,E,2702,D,0
E2720D,E,2720,D,2
E2757D,E,2757,D,0
E2769D,E,2769,D,0
E2772D,E,2772,D,0
E2832D,E,2832,D,1
E2844D,E,2844,D,0
E2846D,E,2846,D,0
E2847D,E,2847,D,0
E2848D,E,2848,D,0
E2850D,E,2850,D,1
E2856D,E,2856,D,0
E2863D,E,2863,D,1
D2983E,D,2983,E,0
N2742K,N,2742,K,0
D3042E,D,3042,E,0
Q2957H,Q,2957,H,0
Q3066H,Q,3066,H,0
Q3050H,Q,3050,H,0
Q3047H,Q,3047,H,0
Q3037H,Q,3037,H,0
Q3036H,Q,3036,H,0
Q3034H,Q,3034,H,0
Q2960H,Q,2960,H,0
Q2945H,Q,2945,H,0
Q3156H,Q,3156,H,0
Q2943H,Q,2943,H,0
Q2941H,Q,2941,H,0
Q2934H,Q,2934,H,0
Q2925H,Q,2925,H,1
Q2899H,Q,2899,H,0
Q2894H,Q,2894,H,1
Q2893H,Q,2893,H,0
Q3126H,Q,3126,H,0
S3058R,S,3058,R,0
Q2859H,Q,2859,H,0
R2668S,R,2668,S,1
R2892S,R,2892,S,0
R2861S,R,2861,S,1
R2845S,R,2845,S,0
R2824S,R,2824,S,2
R2799S,R,2799,S,0
R2744S,R,2744,S,0
R2669S,R,2669,S,0
R2666S,R,2666,S,1
S2554R,S,2554,R,1
R2659S,R,2659,S,1
R2651S,R,2651,S,1
R2645S,R,2645,S,0
R2625S,R,2625,S,2
R2617S,R,2617,S,0
R2488S,R,2488,S,1
S2483R,S,2483,R,1
Q2870H,Q,2870,H,2
Q2858H,Q,2858,H,0
D3062E,D,3062,E,0
C2605S,C,2605,S,0
K2684N,K,2684,N,0
W2970R,W,2970,R,0
W2990R,W,2990,R,1
W3127R,W,3127,R,0
W3191R,W,3191,R,0
C2535S,C,2535,S,0
C2549S,C,2549,S,1
C2636S,C,2636,S,0
W2788R,W,2788,R,2
C2646S,C,2646,S,0
C2689S,C,2689,S,0
C2765S,C,2765,S,0
C2817S,C,2817,S,0
C3069S,C,3069,S,0
C3097S,C,3097,S,0
C3173S,C,3173,S,1
W2830R,W,2830,R,0
W2725R,W,2725,R,2
Q2829H,Q,2829,H,2
Q2539H,Q,2539,H,1
Q2823H,Q,2823,H,0
Q2749H,Q,2749,H,0
Q2731H,Q,2731,H,0
Q2714H,Q,2714,H,0
Q2655H,Q,2655,H,0
Q2580H,Q,2580,H,0
Q2561H,Q,2561,H,1
Q2530H,Q,2530,H,0
W2629R,W,2629,R,1
Q2506H,Q,2506,H,0
Q2501H,Q,2501,H,0
Q2499H,Q,2499,H,0
W2574R,W,2574,R,0
W2586R,W,2586,R,0
W2619R,W,2619,R,2
W2626R,W,2626,R,2
R2927S,R,2927,S,0
R2949S,R,2949,S,0
R2964S,R,2964,S,0
G2793R,G,2793,R,2
G2576R,G,2576,R,0
G2578R,G,2578,R,0
G2585R,G,2585,R,2
G2593R,G,2593,R,1
G2596R,G,2596,R,2
G2724R,G,2724,R,2
G2755R,G,2755,R,0
G2812R,G,2812,R,0
N2486K,N,2486,K,0
G2813R,G,2813,R,0
G2837R,G,2837,R,1
G3003R,G,3003,R,1
G3076R,G,3076,R,2
G3141R,G,3141,R,0
G3201R,G,3201,R,0
G3212R,G,3212,R,0
G2528R,G,2528,R,0
N2553K,N,2553,K,0
R3005S,R,3005,S,1
N2843K,N,2843,K,0
D3064E,D,3064,E,0
D3095E,D,3095,E,2
D3108E,D,3108,E,0
D3112E,D,3112,E,0
D3142E,D,3142,E,0
N2879K,N,2879,K,0
D3188E,D,3188,E,0
N2814K,N,2814,K,0
N2556K,N,2556,K,2
N2781K,N,2781,K,2
M3181L,M,3181,L,0
N2706K,N,2706,K,1
N2699K,N,2699,K,1
N2644K,N,2644,K,0
N2622K,N,2622,K,1
N2591K,N,2591,K,1
L2480F,L,2480,F,1
L2573F,L,2573,F,0
L2696F,L,2696,F,0
T2783S,T,2783,S,0
L3138F,L,3138,F,0
T3204S,T,3204,S,1
T3195S,T,3195,S,0
T3193S,T,3193,S,1
T3165S,T,3165,S,0
T3137S,T,3137,S,1
T2867S,T,2867,S,1
T2713S,T,2713,S,0
L2732F,L,2732,F,1
T2708S,T,2708,S,0
T2703S,T,2703,S,0
T2607S,T,2607,S,0
T2575S,T,2575,S,1
T2564S,T,2564,S,1
T2517S,T,2517,S,0
R3007S,R,3007,S,1
L3119F,L,3119,F,0
L3100F,L,3100,F,0
L3093F,L,3093,F,0
L3061F,L,3061,F,0
L2737F,L,2737,F,0
L2740F,L,2740,F,0
L2776F,L,2776,F,0
L2805F,L,2805,F,0
L2838F,L,2838,F,0
L2885F,L,2885,F,0
L2898F,L,2898,F,0
L2926F,L,2926,F,0
L2929F,L,2929,F,0
L2962F,L,2962,F,0
L2972F,L,2972,F,0
L2996F,L,2996,F,1
L3000F,L,3000,F,0
L3027F,L,3027,F,0
L3045F,L,3045,F,1
M3162L,M,3162,L,0
N3099K,N,3099,K,1
K2524N,K,2524,N,0
K3032N,K,3032,N,0
V2969L,V,2969,L,0
V2975L,V,2975,L,0
K2971N,K,2971,N,0
K2979N,K,2979,N,0
K2980N,K,2980,N,0
K2982N,K,2982,N,0
K3004N,K,3004,N,1
K3031N,K,3031,N,0
K3059N,K,3059,N,0
K2853N,K,2853,N,0
K3083N,K,3083,N,1
K3084N,K,3084,N,1
K3104N,K,3104,N,0
K3115N,K,3115,N,0
K3132N,K,3132,N,0
K3151N,K,3151,N,0
K3161N,K,3161,N,0
K3163N,K,3163,N,0
K2958N,K,2958,N,0
V2908L,V,2908,L,0
K2950N,K,2950,N,0
V2820L,V,2820,L,0
K2868N,K,2868,N,0
K2882N,K,2882,N,0
V2759L,V,2759,L,0
K2833N,K,2833,N,0
K2791N,K,2791,N,0
K2777N,K,2777,N,1
K2750N,K,2750,N,1
K2741N,K,2741,N,1
K2715N,K,2715,N,0
K2496N,K,2496,N,0
K2497N,K,2497,N,0
K2498N,K,2498,N,0
K2514N,K,2514,N,1
V2652L,V,2652,L,1
K2909N,K,2909,N,0
K2538N,K,2538,N,1
K2707N,K,2707,N,0
K3179N,K,3179,N,0
K3190N,K,3190,N,1
K3196N,K,3196,N,0
K2640N,K,2640,N,0
K2551N,K,2551,N,0
K2555N,K,2555,N,0
K2570N,K,2570,N,2
K2577N,K,2577,N,0
K2594N,K,2594,N,1
K2597N,K,2597,N,1
K2613N,K,2613,N,0
K2630N,K,2630,N,2
K2657N,K,2657,N,1
K2673N,K,2673,N,0
V2527L,V,2527,L,1
V3072L,V,3072,L,1
V3145L,V,3145,L,0
V2610L,V,2610,L,1
K3214N,K,3214,N,0
